Date,Stock_Price_JPM(USD),Open_Stock_Price_JPM(USD),High_Stock_Price_JPM(USD),Low_Stock_Price_JPM(USD),Vol_Stock_JPM,Change_Stock_JPM_Perc
15-Jul-22,19.96,19.8,19.96,19.8,59.11K,3.96%
14-Jul-22,19.2,19.24,19.89,19.18,52.36K,-2.49%
13-Jul-22,19.69,19.73,19.73,19.3,2.10K,-0.20%
12-Jul-22,19.73,19.94,19.94,19.2,50.46K,-1.05%
11-Jul-22,19.94,19.8,19.96,19.46,19.45K,0.00%
8-Jul-22,19.94,19.69,19.94,19.69,1.14K,-0.15%
7-Jul-22,19.97,20.05,20.7,19.59,38.01K,-0.45%
6-Jul-22,20.06,20.67,20.67,19.98,8.69K,-2.43%
5-Jul-22,20.56,20.55,20.7,20.3,8.35K,-0.10%
4-Jul-22,20.58,20.59,20.59,20.22,1.39K,0.10%
1-Jul-22,20.56,20.5,20.6,20.09,8.83K,0.19%
30-Jun-22,20.52,20.75,20.75,20.35,11.36K,-0.82%
29-Jun-22,20.69,20.73,20.8,20.48,26.22K,0.39%
28-Jun-22,20.61,20.81,20.83,20.5,10.93K,-1.15%
27-Jun-22,20.85,21.02,21.02,20.48,21.07K,-0.76%
24-Jun-22,21.01,21.75,21.75,20.85,47.05K,-4.93%
23-Jun-22,22.1,22,22.54,21.65,20.45K,1.94%
22-Jun-22,21.68,21.68,21.85,21.65,15.56K,-1.05%
21-Jun-22,21.91,21.9,22.09,21.58,93.76K,-0.81%
20-Jun-22,22.09,21.3,22.2,21.3,7.40K,4.05%
17-Jun-22,21.23,21.55,21.78,21.08,105.12K,-2.17%
16-Jun-22,21.7,21.48,21.85,21.48,8.62K,-0.64%
15-Jun-22,21.84,21.85,22.24,21.49,19.79K,-0.46%
14-Jun-22,21.94,21.7,22.99,21.6,32.71K,-0.86%
13-Jun-22,22.13,21.7,22.29,21.44,31.70K,2.45%
10-Jun-22,21.6,21.6,21.6,21.48,26.47K,-0.37%
9-Jun-22,21.68,21.65,21.7,21.65,0.43K,1.17%
8-Jun-22,21.43,21.5,21.5,21.41,1.06M,-0.28%
7-Jun-22,21.49,21.35,21.49,21.35,3.70K,0.05%
6-Jun-22,21.48,21.62,21.62,21.44,1.46K,-0.65%
3-Jun-22,21.62,21.6,21.62,21.57,3.28K,0.00%
2-Jun-22,21.62,21.46,21.65,21.21,124.56K,-0.18%
1-Jun-22,21.66,21.45,21.84,21.35,20.60K,-0.55%
31-May-22,21.78,21.61,21.9,21.28,109.82K,0.74%
30-May-22,21.62,21.45,21.7,21.45,3.04K,-0.51%
27-May-22,21.73,21.94,21.94,21.45,21.84K,-1.54%
26-May-22,22.07,22,22.1,21.35,9.74K,1.89%
25-May-22,21.66,21.36,21.7,21.32,23.25K,1.45%
24-May-22,21.35,21.5,21.5,21.35,16.92K,-0.93%
23-May-22,21.55,21.33,21.6,21.33,63.39K,-1.55%
20-May-22,21.89,21.36,22.01,21.31,27.34K,2.48%
19-May-22,21.36,21.19,21.65,21.18,50.22K,0.28%
18-May-22,21.3,21.09,21.69,21.09,40.00K,1.00%
17-May-22,21.09,21.49,21.89,21,128.96K,-0.38%
16-May-22,21.17,21.15,21.53,21.15,55.81K,-1.21%
13-May-22,21.43,21.15,21.53,21.15,7.84K,-0.65%
12-May-22,21.57,21.52,21.59,21.25,13.69K,-0.14%
11-May-22,21.6,21.45,21.6,21.45,7.14K,0.70%
10-May-22,21.45,21.75,22.02,21.45,4.97K,-1.42%
9-May-22,21.76,21.31,22.18,21.31,112.57K,2.16%
6-May-22,21.3,21.3,21.3,21.3,3.22K,-0.56%
5-May-22,21.42,21.29,21.75,21.28,43.84K,-0.42%
4-May-22,21.51,21.28,21.71,21.25,56.40K,0.94%
3-May-22,21.31,21.71,21.8,21.23,21.76K,-1.84%
2-May-22,21.71,21.52,21.8,21.23,19.00K,-0.78%
29-Apr-22,21.88,21.93,21.93,21.83,35.52K,0.14%
28-Apr-22,21.85,21.5,21.85,21.5,111.68K,0.46%
27-Apr-22,21.75,21.71,21.75,21.71,4.94K,-0.14%
26-Apr-22,21.78,21.5,21.84,21.5,2.45K,0.88%
25-Apr-22,21.59,21.75,21.75,21.59,3.73K,-0.14%
22-Apr-22,21.62,21.7,21.7,21.48,15.91K,-0.14%
21-Apr-22,21.65,21.5,22.05,21.1,67.43K,0.56%
20-Apr-22,21.53,21.53,21.53,21.53,0.41K,0.14%
19-Apr-22,21.5,21.15,21.5,21.15,155.50K,0.00%
18-Apr-22,21.5,21.5,21.5,21.15,23.53K,0.09%
13-Apr-22,21.48,21.47,21.5,21.29,8.20K,-0.09%
12-Apr-22,21.5,21.5,21.5,21.49,6.83K,0.00%
11-Apr-22,21.5,21.76,21.82,21.5,2.53K,-0.46%
8-Apr-22,21.6,21.69,21.7,21.37,11.91K,-0.46%
7-Apr-22,21.7,21.8,21.8,21.68,8.19K,0.70%
6-Apr-22,21.55,21.5,21.79,21.42,31.52K,0.33%
5-Apr-22,21.48,21.01,21.5,20.65,327.84K,0.99%
4-Apr-22,21.27,21.42,21.47,21.42,6.69K,0.00%
1-Apr-22,21.27,21.1,21.5,21.08,149.05K,0.85%
31-Mar-22,21.09,21,21.5,21,26.21K,0.38%
30-Mar-22,21.01,21.09,21.3,21,124.41K,-0.47%
29-Mar-22,21.11,21.13,21.5,21.09,163.44K,-0.47%
28-Mar-22,21.21,21.24,21.5,21.06,80.65K,0.47%
25-Mar-22,21.11,21.12,21.3,20.98,28.02K,0.52%
24-Mar-22,21,20.93,21.4,20.93,324.42K,0.33%
23-Mar-22,20.93,21.4,21.56,20.76,300.21K,-2.15%
22-Mar-22,21.39,21.45,21.6,21.2,257.52K,0.19%
18-Mar-22,21.35,21.9,22.05,20.84,516.88K,-2.64%
17-Mar-22,21.93,22.05,22.09,21.8,293.20K,-0.54%
16-Mar-22,22.05,22.27,22.27,22,203.87K,-0.94%
15-Mar-22,22.26,22.5,23,22.25,222.78K,-1.07%
14-Mar-22,22.5,22.5,22.85,22.5,10.12K,-0.40%
10-Mar-22,22.59,22.92,23,22.4,157.43K,-1.74%
9-Mar-22,22.99,22.9,23.03,22.9,59.90K,-0.04%
8-Mar-22,23,23,23,23,46.83K,1.19%
7-Mar-22,22.73,23.1,23.4,22.52,56.92K,-0.96%
4-Mar-22,22.95,22.85,23.1,22.78,286.08K,-0.22%
3-Mar-22,23,23,23.06,22.93,68.09K,-0.43%
2-Mar-22,23.1,23.07,23.31,22.82,231.65K,0.04%
1-Mar-22,23.09,23.1,23.1,22.93,11.57K,-0.17%
28-Feb-22,23.13,22.71,23.3,22.71,3.50K,0.35%
25-Feb-22,23.05,23.04,23.05,22.8,0.94K,1.10%
24-Feb-22,22.8,22.56,22.86,22.25,13.23K,1.02%
23-Feb-22,22.57,23.05,23.05,22.5,94.22K,-1.31%
22-Feb-22,22.87,22.94,23.05,22.82,49.83K,-2.06%
21-Feb-22,23.35,23.4,23.4,23.35,1.08K,1.74%
18-Feb-22,22.95,23.03,23.09,22.75,78.98K,-0.30%
17-Feb-22,23.02,22.91,23.15,22.91,42.48K,-0.04%
16-Feb-22,23.03,23.15,23.15,22.9,56.90K,0.13%
15-Feb-22,23,23.01,23.24,23,26.76K,-0.13%
14-Feb-22,23.03,23.05,23.21,23,25.01K,-0.73%
11-Feb-22,23.2,23.2,23.35,23.07,182.63K,-0.22%
10-Feb-22,23.25,23.27,23.35,23.11,51.66K,-0.43%
9-Feb-22,23.35,23.4,23.43,23.25,205.16K,-0.21%
8-Feb-22,23.4,23.4,23.4,23.05,51.48K,0.17%
4-Feb-22,23.36,23.45,23.45,23.3,15.60K,0.00%
3-Feb-22,23.36,23.35,23.45,23.31,68.19K,0.26%
2-Feb-22,23.3,23.31,23.85,23.01,87.77K,-0.68%
1-Feb-22,23.46,23.09,23.99,22.91,142.80K,-0.17%
31-Jan-22,23.5,23.67,23.67,23.12,66.03K,-0.04%
28-Jan-22,23.51,23.3,23.81,23.11,7.17K,-0.76%
27-Jan-22,23.69,23.45,23.77,23.45,10.73K,-0.71%
26-Jan-22,23.86,24.14,24.14,23.5,40.07K,0.76%
25-Jan-22,23.68,22.88,24.11,22.88,130.96K,0.68%
24-Jan-22,23.52,23.14,23.78,23.14,19.48K,-0.38%
21-Jan-22,23.61,24,24,23.61,5.28K,-1.79%
20-Jan-22,24.04,23.99,24.18,23.82,5.31K,0.84%
19-Jan-22,23.84,23.99,24,23.84,2.48K,-0.46%
18-Jan-22,23.95,23.51,23.99,23.51,2.38K,1.70%
17-Jan-22,23.55,23.55,23.55,23.55,3.15K,-0.84%
14-Jan-22,23.75,23.4,23.76,23.4,12.19K,-1.04%
13-Jan-22,24,23.81,24,23.79,5.94K,0.84%
12-Jan-22,23.8,23.82,23.9,23.2,12.10K,-0.04%
11-Jan-22,23.81,23.65,23.83,23.12,10.39K,-0.25%
10-Jan-22,23.87,23.1,23.98,23.1,33.76K,2.18%
7-Jan-22,23.36,23.71,23.71,23.36,1.54K,-1.48%
6-Jan-22,23.71,23.71,23.71,23.71,1.21K,0.55%
5-Jan-22,23.58,23.63,23.77,23.53,21.03K,0.30%
4-Jan-22,23.51,23.5,23.64,23.5,7.67K,-0.21%
3-Jan-22,23.56,23.55,23.56,23.55,0.75K,0.08%
31-Dec-21,23.54,22.7,23.54,22.7,22.45K,2.62%
30-Dec-21,22.94,23.09,23.09,22.81,9.08K,-0.48%
29-Dec-21,23.05,22.82,23.05,22.71,167.54K,1.68%
28-Dec-21,22.67,22.9,22.91,22.54,111.76K,-0.61%
27-Dec-21,22.81,22.67,22.93,22.67,113.14K,0.53%
23-Dec-21,22.69,22.5,22.69,22.5,121.96K,1.20%
22-Dec-21,22.42,22.43,22.62,22.3,37.49K,0.00%
20-Dec-21,22.42,22.2,22.99,22.02,14.12K,-1.23%
17-Dec-21,22.7,23.07,23.2,22.31,262.94K,-2.20%
16-Dec-21,23.21,23.2,23.21,23.2,1.12K,0.04%
15-Dec-21,23.2,23.75,23.75,23.2,1.66K,-2.07%
14-Dec-21,23.69,23.38,23.88,22.51,1.10M,0.00%
13-Dec-21,23.69,23.42,24.54,23.26,210.67K,0.04%
10-Dec-21,23.68,23.65,24.6,23.57,1.60M,-1.29%
9-Dec-21,23.99,24.38,24.38,23.8,168.53K,-2.08%
8-Dec-21,24.5,24.88,24.88,24.5,2.75K,-1.53%
7-Dec-21,24.88,25.95,26.23,24.88,3.29K,-4.75%
6-Dec-21,26.12,26.08,26.12,26,26.09K,0.54%
3-Dec-21,25.98,26.01,26.01,25.95,7.50K,-0.19%
2-Dec-21,26.03,26.5,26.5,25.48,1.40M,-1.77%
1-Dec-21,26.5,26.46,26.5,26.31,189.51K,0.23%
30-Nov-21,26.44,26.32,26.5,26.32,70.22K,-0.23%
29-Nov-21,26.5,26.4,26.57,26.31,2.52M,0.68%
26-Nov-21,26.32,26.24,26.4,26.24,3.26M,0.08%
25-Nov-21,26.3,26.2,26.3,26.2,914.22K,0.00%
24-Nov-21,26.3,26.45,26.45,26.25,916.75K,-0.08%
23-Nov-21,26.32,26.26,26.45,26.25,1.39M,0.08%
22-Nov-21,26.3,26.27,26.39,26.26,1.44M,-0.11%
19-Nov-21,26.33,26.2,26.37,26.2,1.58M,0.04%
18-Nov-21,26.32,26.36,26.4,26.21,916.85K,-0.11%
17-Nov-21,26.35,26.2,26.36,26.2,833.28K,0.08%
16-Nov-21,26.33,26.15,26.42,26.15,985.83K,0.42%
12-Nov-21,26.22,26.21,26.24,26.16,2.19M,0.00%
11-Nov-21,26.22,26.15,26.28,26.15,12.06M,0.19%
10-Nov-21,26.17,26.15,26.25,26.15,3.03M,0.04%
9-Nov-21,26.16,26.15,26.21,26.13,3.43M,-0.15%
8-Nov-21,26.2,26.15,26.25,26.15,4.88M,0.19%
5-Nov-21,26.15,26.1,26.2,26.1,15.19M,0.04%
4-Nov-21,26.14,26.1,26.25,26.1,2.52M,0.00%
3-Nov-21,26.14,26.02,26.26,26.02,840.29K,-0.46%
1-Nov-21,26.26,26.22,26.49,26.14,1.91M,0.15%
29-Oct-21,26.22,24.64,26.4,24.64,1.82M,11.72%
28-Oct-21,23.47,23.47,23.55,23.29,58.20K,0.09%
27-Oct-21,23.45,23.16,23.45,23,161.49K,1.16%
26-Oct-21,23.18,23.15,23.45,23.15,62.41K,-0.43%
25-Oct-21,23.28,23.02,23.4,23.02,33.42K,0.09%
22-Oct-21,23.26,23.39,23.47,23.1,330.10K,0.48%
21-Oct-21,23.15,23.2,23.39,23.02,152.97K,-0.77%
20-Oct-21,23.33,23.1,23.39,23.03,78.54K,1.26%
19-Oct-21,23.04,23.47,23.47,23,128.09K,0.04%
18-Oct-21,23.03,23.25,23.4,23,456.17K,-1.62%
15-Oct-21,23.41,23.4,23.48,23.22,233.43K,0.09%
14-Oct-21,23.39,23.17,23.51,23.12,131.93K,0.91%
13-Oct-21,23.18,23.17,23.31,23.14,173.31K,-0.81%
12-Oct-21,23.37,23.1,23.59,23.1,101.65K,-0.64%
11-Oct-21,23.52,23.52,23.53,23.52,75.18K,-0.04%
8-Oct-21,23.53,23.5,23.8,23.38,15.92K,0.99%
7-Oct-21,23.3,23.31,23.56,23.16,161.78K,-0.77%
6-Oct-21,23.48,23.31,23.5,23.1,80.85K,1.29%
5-Oct-21,23.18,23.19,23.7,23.01,38.33K,0.96%
4-Oct-21,22.96,23.31,23.36,22.85,72.96K,-1.29%
1-Oct-21,23.26,23.4,23.5,23.1,62.71K,-0.51%
30-Sep-21,23.38,22.87,23.4,22.87,182.63K,1.96%
29-Sep-21,22.93,23.3,23.3,22.83,202.59K,-0.48%
28-Sep-21,23.04,23.46,23.46,22.95,219.88K,-0.52%
27-Sep-21,23.16,23.31,23.36,22.89,494.04K,0.22%
24-Sep-21,23.11,23.25,23.33,22.92,2.39M,-0.56%
23-Sep-21,23.24,22.89,23.29,22.83,244.31K,1.53%
22-Sep-21,22.89,23.07,23.2,22.79,1.05M,-0.52%
21-Sep-21,23.01,22.95,23.07,22.9,238.11K,0.26%
20-Sep-21,22.95,23.12,23.23,22.95,337.46K,-1.96%
17-Sep-21,23.41,22.85,23.6,22.85,1.23M,2.45%
15-Sep-21,22.85,22.88,22.91,22.78,497.71K,0.04%
14-Sep-21,22.84,22.88,23.11,22.77,378.58K,-0.74%
13-Sep-21,23.01,23.16,23.2,23,204.66K,-0.60%
10-Sep-21,23.15,23.2,23.21,23.12,62.80K,-0.39%
9-Sep-21,23.24,23.34,23.5,23.16,249.72K,-0.43%
8-Sep-21,23.34,23.44,23.64,23.27,953.81K,-0.55%
7-Sep-21,23.47,23.45,23.59,23.4,428.57K,-1.05%
6-Sep-21,23.72,23.32,23.76,23.32,13.49K,1.11%
3-Sep-21,23.46,23.44,23.48,23.39,1.00M,0.00%
2-Sep-21,23.46,23.47,23.76,23.28,191.56K,-0.17%
1-Sep-21,23.5,23.41,23.65,23.41,91.89K,0.34%
31-Aug-21,23.42,23.66,23.66,23.25,495.21K,-0.09%
30-Aug-21,23.44,23.49,23.58,23.27,293.70K,0.04%
27-Aug-21,23.43,23.89,24,23.36,244.56K,-1.72%
26-Aug-21,23.84,23.61,23.86,23.61,80.05K,0.42%
25-Aug-21,23.74,23.95,24,23.66,73.48K,-0.08%
24-Aug-21,23.76,23.23,23.8,23.23,417.36K,1.28%
23-Aug-21,23.46,23.6,23.75,23.02,203.05K,0.39%
20-Aug-21,23.37,23.48,23.6,23.37,52.30K,0.13%
19-Aug-21,23.34,23.63,23.63,23.13,142.47K,-1.60%
18-Aug-21,23.72,23.74,23.81,23.54,287.48K,0.47%
17-Aug-21,23.61,23.46,23.88,23.45,667.72K,0.68%
16-Aug-21,23.45,23.39,23.78,23.28,178.48K,-1.35%
13-Aug-21,23.77,23.75,23.86,23.7,32.18K,0.08%
12-Aug-21,23.75,23.47,23.83,23.47,241.61K,0.68%
11-Aug-21,23.59,23.5,23.7,23.5,451.59K,0.86%
10-Aug-21,23.39,23.42,23.52,23.26,150.66K,-0.09%
9-Aug-21,23.41,23.26,23.62,23.26,110.71K,-0.51%
6-Aug-21,23.53,23.05,23.56,23.05,54.27K,2.93%
5-Aug-21,22.86,23.28,23.44,22.67,3.30M,-2.27%
4-Aug-21,23.39,23.36,23.46,23.27,127.74K,-0.51%
3-Aug-21,23.51,23.34,23.59,23.26,435.21K,0.77%
2-Aug-21,23.33,23.37,24,23.28,168.48K,-1.06%
30-Jul-21,23.58,23.38,23.64,23.2,260.68K,0.34%
29-Jul-21,23.5,23.87,23.87,22.97,251.40K,-0.17%
28-Jul-21,23.54,23.67,23.82,23.41,136.03K,-0.76%
27-Jul-21,23.72,23.7,24.02,23.63,135.77K,-0.13%
26-Jul-21,23.75,23.56,23.93,23.42,75.49K,1.50%
23-Jul-21,23.4,23.55,23.55,23.17,716.92K,-0.55%
22-Jul-21,23.53,23.55,23.69,23.45,299.90K,-0.88%
21-Jul-21,23.74,23.75,24.03,23.63,47.75K,0.38%
20-Jul-21,23.65,23.7,23.82,23.3,472.83K,0.68%
19-Jul-21,23.49,23.7,23.72,23.31,367.35K,-2.25%
16-Jul-21,24.03,23.74,24.13,23.69,121.05K,1.05%
15-Jul-21,23.78,24.18,24.27,23.57,553.66K,-2.54%
14-Jul-21,24.4,23.7,24.5,23.62,2.94M,2.69%
13-Jul-21,23.76,24.06,24.09,23.71,333.74K,-1.00%
12-Jul-21,24,23.89,24.07,23.85,185.38K,-0.33%
9-Jul-21,24.08,24.16,24.16,23.99,616.59K,-0.12%
8-Jul-21,24.11,24.04,24.23,24,1.75M,-0.82%
7-Jul-21,24.31,24.33,24.67,24.17,1.10M,-0.08%
6-Jul-21,24.33,25.03,25.03,24.11,1.35M,-2.72%
5-Jul-21,25.01,25,25.04,25,5.17K,-0.12%
2-Jul-21,25.04,25.05,25.08,24.87,547.73K,-1.18%
1-Jul-21,25.34,25.21,25.4,24.92,425.01K,1.08%
30-Jun-21,25.07,25.3,25.3,24.94,283.37K,-0.48%
29-Jun-21,25.19,24.96,25.23,24.85,383.87K,1.21%
28-Jun-21,24.89,25.16,25.16,24.71,319.60K,-1.46%
25-Jun-21,25.26,25.11,25.31,25.03,223.39K,-0.04%
24-Jun-21,25.27,24.72,25.36,24.55,475.88K,1.73%
23-Jun-21,24.84,25.01,25.11,24.8,233.57K,-0.84%
22-Jun-21,25.05,25.34,25.7,24.97,186.25K,-0.83%
21-Jun-21,25.26,25.43,25.47,25.16,300.90K,-0.63%
18-Jun-21,25.42,25.43,25.75,25.32,544.00K,-0.51%
17-Jun-21,25.55,25.79,25.83,25.32,746.06K,0.12%
16-Jun-21,25.52,25.25,25.75,25.19,2.04M,-0.85%
15-Jun-21,25.74,25.76,26.09,25.62,1.94M,-0.16%
14-Jun-21,25.78,25.9,26.21,25.16,1.47M,-0.62%
11-Jun-21,25.94,25.91,26.77,25.89,5.74M,0.39%
10-Jun-21,25.84,25.16,25.9,25.16,4.66M,3.15%
9-Jun-21,25.05,24.3,25.15,24.16,9.32M,2.87%
8-Jun-21,24.35,24.12,24.42,24.12,3.43M,0.41%
7-Jun-21,24.25,23.71,24.32,23.57,7.08M,2.71%
4-Jun-21,23.61,23.34,23.8,23.25,2.84M,0.90%
3-Jun-21,23.4,23.53,23.55,23.35,28.78K,-0.76%
2-Jun-21,23.58,23.51,23.67,23.41,867.21K,0.34%
1-Jun-21,23.5,23.6,23.6,23.44,613.91K,-0.09%
31-May-21,23.52,23.55,23.66,23.45,13.93K,0.00%
28-May-21,23.52,23.45,23.58,23.45,625.18K,-0.13%
27-May-21,23.55,23.63,23.73,23.49,1.94M,-0.76%
26-May-21,23.73,23.8,23.8,23.59,507.17K,-0.25%
25-May-21,23.79,23.5,23.8,23.45,265.57K,2.23%
24-May-21,23.27,23.34,23.47,23.25,2.73M,-0.34%
21-May-21,23.35,23.38,23.48,23.31,606.74K,0.82%
20-May-21,23.16,23.27,23.45,22.98,670.02K,-0.81%
19-May-21,23.35,23.34,23.35,23.14,106.08K,0.09%
18-May-21,23.33,23.2,23.5,23.14,214.05K,1.39%
17-May-21,23.01,23.16,23.19,22.94,249.80K,-0.35%
14-May-21,23.09,23.05,23.21,22.98,1.27M,0.30%
13-May-21,23.02,22.87,23.15,22.87,62.43K,0.52%
12-May-21,22.9,23.02,23.03,22.8,2.59M,0.35%
11-May-21,22.82,22.79,23.07,22.62,539.96K,0.35%
10-May-21,22.74,22.83,22.93,22.7,2.50M,-0.44%
7-May-21,22.84,22.72,22.9,22.66,170.06K,0.00%
6-May-21,22.84,22.66,22.89,22.63,1.28M,0.79%
5-May-21,22.66,22.66,22.75,22.61,554.47K,-0.09%
4-May-21,22.68,22.65,22.8,22.61,1.28M,0.13%
3-May-21,22.65,22.95,22.95,22.61,4.50M,-0.92%
30-Apr-21,22.86,22.67,22.99,22.65,902.54K,0.66%
29-Apr-21,22.71,22.75,22.84,22.52,8.56M,0.13%
28-Apr-21,22.68,22.58,22.82,22.56,857.09K,0.09%
27-Apr-21,22.66,22.77,22.84,22.56,207.73K,-0.26%
26-Apr-21,22.72,22.7,22.8,22.5,158.84K,0.44%
23-Apr-21,22.62,22.6,22.66,22.45,1.21M,0.09%
22-Apr-21,22.6,22.31,22.66,22.31,1.37M,0.44%
21-Apr-21,22.5,22.58,22.7,22.46,2.67M,-0.22%
20-Apr-21,22.55,22.56,22.63,22.4,4.87M,0.18%
19-Apr-21,22.51,22.65,22.83,22.39,4.16M,-0.71%
16-Apr-21,22.67,22.64,22.72,22.55,2.99M,-0.04%
15-Apr-21,22.68,22.74,22.74,22.6,857.98K,0.18%
14-Apr-21,22.64,22.89,22.89,22.62,1.25M,-0.13%
13-Apr-21,22.67,22.55,22.69,22.55,816.18K,-0.18%
12-Apr-21,22.71,22.65,22.81,22.56,190.22K,-0.18%
9-Apr-21,22.75,22.66,22.8,22.65,145.27K,0.26%
8-Apr-21,22.69,22.61,22.74,22.5,1.42M,-0.22%
7-Apr-21,22.74,22.54,22.78,22.45,789.17K,0.35%
6-Apr-21,22.66,22.39,22.7,22.38,561.72K,0.89%
5-Apr-21,22.46,22.3,22.55,22.06,579.68K,-0.27%
31-Mar-21,22.52,22.36,22.68,22.15,1.41M,0.58%
30-Mar-21,22.39,22.46,22.49,22.05,4.88M,0.00%
29-Mar-21,22.39,23,23,22.21,3.29M,-1.45%
26-Mar-21,22.72,21.2,23.15,21.2,7.17M,17.66%
25-Mar-21,19.31,19.22,19.52,19.01,296.39K,0.21%
24-Mar-21,19.27,19.62,19.69,19.12,357.41K,-1.78%
23-Mar-21,19.62,19.68,19.7,19.23,491.47K,-0.20%
22-Mar-21,19.66,19.32,19.8,19.18,675.67K,1.50%
19-Mar-21,19.37,18.82,19.5,18.19,51.75M,1.84%
18-Mar-21,19.02,19.43,19.43,18.7,2.58M,-0.63%
17-Mar-21,19.14,20.18,20.35,19,5.47M,-4.11%
16-Mar-21,19.96,20.98,20.98,19.76,4.56M,-4.54%
12-Mar-21,20.91,20.74,21,20.48,547.38K,0.87%
11-Mar-21,20.73,20.43,20.86,20.39,425.63K,0.19%
10-Mar-21,20.69,20.65,21.1,20.06,838.90K,0.15%
9-Mar-21,20.66,20.07,20.75,19.83,396.65K,1.57%
8-Mar-21,20.34,19.77,20.41,19.77,1.26M,2.78%
5-Mar-21,19.79,19.95,19.98,19.69,1.23M,0.30%
4-Mar-21,19.73,19.66,19.98,19.43,1.33M,0.71%
3-Mar-21,19.59,19.24,19.7,19.24,2.36M,1.40%
2-Mar-21,19.32,19.5,19.66,19.27,1.56M,-1.02%
1-Mar-21,19.52,19.71,19.84,19.51,238.53K,-1.46%
26-Feb-21,19.81,19.77,19.95,19.53,356.61K,0.25%
25-Feb-21,19.76,20.27,20.3,19.67,641.63K,-0.70%
24-Feb-21,19.9,20.22,20.22,19.84,1.21M,-1.09%
23-Feb-21,20.12,20.53,20.53,19.8,1.15M,-0.89%
22-Feb-21,20.3,20.12,20.71,20.12,464.54K,1.10%
19-Feb-21,20.08,20.23,20.47,20.03,992.01K,-0.05%
18-Feb-21,20.09,20.4,20.54,19.8,1.02M,-1.18%
17-Feb-21,20.33,20,20.41,19.86,926.28K,1.70%
16-Feb-21,19.99,19.97,20.56,19.91,1.65M,1.63%
15-Feb-21,19.67,20.06,20.1,19.55,454.93K,-1.90%
12-Feb-21,20.05,20.36,20.59,20.01,1.44M,-1.38%
11-Feb-21,20.33,20.12,20.42,20.01,350.15K,0.64%
10-Feb-21,20.2,20.54,20.6,20.14,460.81K,-1.61%
9-Feb-21,20.53,20.58,20.84,20.45,966.47K,-1.01%
8-Feb-21,20.74,20.81,21.22,20.62,1.42M,0.48%
5-Feb-21,20.64,20.72,20.96,20.54,3.86M,-0.58%
4-Feb-21,20.76,20.19,21.05,20.19,2.34M,0.73%
3-Feb-21,20.61,20.43,20.66,20.28,454.93K,2.08%
2-Feb-21,20.19,20.19,20.78,20.02,1.01M,-0.79%
29-Jan-21,20.35,20.39,20.63,20.05,641.34K,-1.17%
28-Jan-21,20.59,20.52,20.92,20.43,598.65K,-0.19%
27-Jan-21,20.63,20.85,20.87,20.3,1.72M,-2.64%
26-Jan-21,21.19,20.97,21.3,20.56,595.78K,2.42%
25-Jan-21,20.69,20.75,20.99,20.6,380.96K,-1.05%
22-Jan-21,20.91,20.54,20.98,20.3,912.92K,1.26%
21-Jan-21,20.65,21.32,21.32,20.51,745.58K,-2.59%
20-Jan-21,21.2,21.42,21.42,20.81,993.35K,-1.40%
19-Jan-21,21.5,20.88,21.68,20.88,1.24M,3.97%
18-Jan-21,20.68,21.42,21.55,20.65,222.19K,-2.54%
15-Jan-21,21.22,21.3,21.93,20.93,403.80K,-0.70%
14-Jan-21,21.37,21.15,21.95,20.89,1.15M,1.23%
13-Jan-21,21.11,21,21.2,20.74,448.49K,0.52%
12-Jan-21,21,21.54,21.67,20.64,1.03M,-2.51%
11-Jan-21,21.54,22.58,22.58,21.39,248.36K,-3.71%
8-Jan-21,22.37,22,22.5,21.67,3.16M,2.01%
7-Jan-21,21.93,20.95,22,20.95,774.92K,5.69%
6-Jan-21,20.75,20.01,20.91,20,606.51K,3.70%
5-Jan-21,20.01,20.24,20.38,19.97,843.70K,-1.43%
4-Jan-21,20.3,20.47,20.55,20.19,517.31K,-0.05%
31-Dec-20,20.31,20.59,20.68,20.14,282.90K,-2.26%
30-Dec-20,20.78,20.99,21.25,20.41,584.20K,-0.95%
29-Dec-20,20.98,20.9,21.1,20.54,584.00K,0.77%
28-Dec-20,20.82,20.2,20.9,20.2,562.72K,3.89%
24-Dec-20,20.04,20.12,20.13,19.9,112.95K,-1.09%
23-Dec-20,20.26,19.82,20.48,19.82,822.15K,2.89%
22-Dec-20,19.69,20.3,20.49,19.3,818.77K,-3.39%
21-Dec-20,20.38,20.6,20.77,20.21,233.46K,-1.59%
18-Dec-20,20.71,21.29,21.3,20.42,3.12M,-2.17%
17-Dec-20,21.17,21.2,21.32,20.81,1.05M,0.00%
16-Dec-20,21.17,21.11,21.51,20.84,1.02M,-0.24%
15-Dec-20,21.22,21.73,21.86,21.17,521.03K,-2.35%
14-Dec-20,21.73,21.73,22.03,21.42,955.45K,-0.55%
11-Dec-20,21.85,21.74,21.96,21.03,1.02M,0.97%
10-Dec-20,21.64,21.13,21.86,20.91,613.04K,2.90%
9-Dec-20,21.03,21.43,21.43,20.81,281.10K,-1.41%
8-Dec-20,21.33,21.17,21.44,20.95,1.16M,0.47%
7-Dec-20,21.23,21.78,21.89,21.12,929.65K,-3.41%
4-Dec-20,21.98,22.25,22.68,21.8,3.30M,-0.95%
3-Dec-20,22.19,21.7,22.31,21.7,807.65K,1.74%
2-Dec-20,21.81,21.72,21.88,21.42,538.70K,1.82%
1-Dec-20,21.42,21.27,21.92,21.09,1.32M,1.61%
30-Nov-20,21.08,21.97,22,20.93,1.34M,-4.23%
27-Nov-20,22.01,21.83,22.58,21.22,989.48K,1.29%
26-Nov-20,21.73,21.43,21.99,21.02,129.09K,1.92%
25-Nov-20,21.32,22.25,22.25,20.82,936.16K,-3.79%
24-Nov-20,22.16,20.97,22.35,20.97,1.05M,6.59%
23-Nov-20,20.79,20.33,20.88,19.86,1.56M,2.31%
20-Nov-20,20.32,20.2,20.8,20.2,613.01K,0.94%
19-Nov-20,20.13,20.01,20.25,19.83,1.25M,0.95%
18-Nov-20,19.94,19.2,20.2,19.07,1.86M,4.40%
17-Nov-20,19.1,19.1,19.54,19,1.69M,1.43%
13-Nov-20,18.83,18.84,19.2,18.75,840.83K,-0.26%
12-Nov-20,18.88,19.08,19.47,18.83,1.21M,-1.20%
11-Nov-20,19.11,18.95,19.58,18.91,4.91M,1.49%
10-Nov-20,18.83,18.17,18.95,18.05,1.51M,4.55%
9-Nov-20,18.01,16.81,18.36,16.81,2.54M,9.28%
6-Nov-20,16.48,15.98,16.56,15.95,5.08M,3.06%
5-Nov-20,15.99,15.81,16.27,15.81,1.46M,1.07%
4-Nov-20,15.82,15.93,16.03,15.55,583.49K,-1.74%
3-Nov-20,16.1,15.65,16.43,15.65,1.80M,2.81%
30-Oct-20,15.66,14.75,15.8,14.74,2.42M,5.67%
29-Oct-20,14.82,14.93,14.95,14.26,1.34M,-2.31%
28-Oct-20,15.17,15.28,15.32,14.82,469.61K,-1.62%
27-Oct-20,15.42,16.11,16.28,15.24,847.43K,-3.99%
26-Oct-20,16.06,16.1,16.39,15.95,303.56K,-1.59%
23-Oct-20,16.32,16.19,16.4,15.98,719.79K,2.06%
22-Oct-20,15.99,16.37,16.38,15.81,965.78K,-1.90%
21-Oct-20,16.3,16.15,16.42,15.66,723.76K,0.99%
20-Oct-20,16.14,15.77,16.21,15.74,624.86K,4.06%
19-Oct-20,15.51,15.38,15.84,15.19,1.22M,1.31%
16-Oct-20,15.31,15.35,15.37,14.98,384.37K,0.20%
15-Oct-20,15.28,15.72,15.89,15.17,748.53K,-4.20%
14-Oct-20,15.95,16.24,16.24,15.62,646.78K,-1.42%
13-Oct-20,16.18,16.22,16.48,16.05,1.56M,-0.06%
12-Oct-20,16.19,15.65,16.27,15.14,1.24M,3.45%
9-Oct-20,15.65,14.65,15.76,14.45,1.72M,7.19%
8-Oct-20,14.6,13.74,14.68,13.74,1.45M,6.34%
7-Oct-20,13.73,13.9,13.92,13.51,1.07M,-0.65%
6-Oct-20,13.82,13.98,14.25,13.69,2.63M,0.29%
5-Oct-20,13.78,13.73,13.99,13.58,3.58M,-0.43%
2-Oct-20,13.84,13.75,13.97,13.51,1.34M,0.51%
1-Oct-20,13.77,14.11,14.35,13.75,737.62K,-2.13%
30-Sep-20,14.07,13.9,14.15,13.85,800.07K,1.22%
29-Sep-20,13.9,14.08,14.11,13.82,1.39M,-1.00%
28-Sep-20,14.04,13.98,14.25,13.8,1.43M,1.67%
25-Sep-20,13.81,14.05,14.06,13.65,1.30M,-1.78%
24-Sep-20,14.06,14.02,14.37,13.64,1.94M,-0.78%
23-Sep-20,14.17,14.15,14.6,13.83,2.30M,1.21%
22-Sep-20,14,13.99,14.07,13.8,2.02M,0.57%
21-Sep-20,13.92,14.31,14.34,13.7,2.13M,-2.93%
18-Sep-20,14.34,13.4,14.58,13.15,24.75M,5.91%
17-Sep-20,13.54,13.07,13.85,12.89,3.26M,3.20%
15-Sep-20,13.12,13,13.31,12.88,804.94K,1.31%
14-Sep-20,12.95,12.67,13.09,12.6,736.42K,1.97%
11-Sep-20,12.7,12.5,13,12.11,1.52M,2.01%
10-Sep-20,12.45,12.72,12.94,12.1,2.26M,-1.66%
9-Sep-20,12.66,12.92,12.97,12.59,2.14M,-1.86%
8-Sep-20,12.9,12.75,13.1,12.72,2.27M,1.82%
7-Sep-20,12.67,13.1,13.1,12.59,490.14K,-3.43%
4-Sep-20,13.12,13.39,13.62,13.01,1.16M,-1.94%
3-Sep-20,13.38,13.68,13.88,13.34,1.40M,-2.55%
2-Sep-20,13.73,14.2,14.2,13.57,1.13M,-1.79%
1-Sep-20,13.98,13.8,14.14,13.73,1.01M,0.07%
31-Aug-20,13.97,14.1,14.16,13.82,1.71M,-1.20%
28-Aug-20,14.14,14.15,14.49,14.08,1.04M,-0.63%
27-Aug-20,14.23,14.43,14.53,14.1,1.43M,-0.42%
26-Aug-20,14.29,14.44,14.63,14.22,1.26M,-0.83%
25-Aug-20,14.41,14.6,14.65,14.3,1.71M,0.00%
24-Aug-20,14.41,14.82,15.16,14.35,1.55M,-3.03%
21-Aug-20,14.86,15.33,15.34,14.8,702.41K,-3.38%
20-Aug-20,15.38,15.88,15.88,15.3,1.42M,-3.15%
19-Aug-20,15.88,15.88,15.99,15.55,1.08M,0.51%
18-Aug-20,15.8,15.56,16.1,15.29,1.47M,1.54%
17-Aug-20,15.56,15.73,15.73,15.26,605.11K,0.13%
14-Aug-20,15.54,15.82,15.88,15.45,966.10K,-1.77%
13-Aug-20,15.82,15.72,15.91,15.38,2.76M,1.28%
12-Aug-20,15.62,15.99,16.15,15.39,2.08M,-2.62%
11-Aug-20,16.04,15.24,16.23,15.23,1.77M,6.79%
10-Aug-20,15.02,14.92,15.19,14.71,792.81K,1.49%
7-Aug-20,14.8,15.04,15.04,14.61,970.82K,-2.37%
6-Aug-20,15.16,15.54,15.54,15,1.26M,-2.38%
5-Aug-20,15.53,15.4,15.89,15.16,2.06M,0.06%
4-Aug-20,15.52,14.94,16.13,14.94,3.07M,5.01%
3-Aug-20,14.78,14.37,15.1,14.17,1.89M,3.57%
31-Jul-20,14.27,14.64,14.64,14.12,2.46M,-3.12%
30-Jul-20,14.73,14.3,14.94,13.79,2.14M,1.10%
29-Jul-20,14.57,14.2,14.67,13.88,7.42M,3.55%
28-Jul-20,14.07,14.15,14.25,14.02,1.07M,-0.57%
27-Jul-20,14.15,14.57,14.57,13.94,1.45M,-2.88%
24-Jul-20,14.57,14.52,14.64,14.15,614.31K,1.18%
23-Jul-20,14.4,14.8,15,14.27,2.63M,-2.77%
22-Jul-20,14.81,14.98,15,14.7,1.30M,-0.67%
21-Jul-20,14.91,14.82,15.35,14.77,2.56M,-0.27%
20-Jul-20,14.95,14.8,15,14.74,809.90K,0.13%
17-Jul-20,14.93,15.28,15.48,14.83,925.15K,-1.91%
16-Jul-20,15.22,15.64,15.64,15.05,1.52M,-2.44%
15-Jul-20,15.6,15.7,15.95,15.45,3.48M,0.71%
14-Jul-20,15.49,16.3,16.32,15.4,803.50K,-3.91%
13-Jul-20,16.12,16.2,16.46,15.67,2.12M,0.25%
10-Jul-20,16.08,16.38,16.6,15.67,391.40K,-1.77%
9-Jul-20,16.37,16.46,16.8,15.9,902.44K,-0.67%
8-Jul-20,16.48,16.75,17.19,16.28,1.70M,-2.43%
7-Jul-20,16.89,16.54,17.1,16.42,1.01M,1.26%
6-Jul-20,16.68,16.4,16.78,16.2,801.56K,2.90%
3-Jul-20,16.21,16.48,16.72,16.06,256.15K,-1.16%
2-Jul-20,16.4,16.86,17,16.35,439.43K,-1.15%
1-Jul-20,16.59,16.61,17,16.29,1.07M,-1.31%
30-Jun-20,16.81,16.83,17.01,16.35,3.09M,-0.24%
29-Jun-20,16.85,17.4,17.56,16.73,1.19M,-1.92%
26-Jun-20,17.18,17.14,17.39,16.7,1.53M,0.12%
25-Jun-20,17.16,16.93,17.47,16.85,1.62M,1.30%
24-Jun-20,16.94,16.6,17.08,16.35,2.16M,0.83%
23-Jun-20,16.8,17.01,17.36,16.63,2.07M,0.96%
22-Jun-20,16.64,17.46,17.58,16.57,2.72M,-3.03%
19-Jun-20,17.16,16.85,17.49,16.33,17.29M,2.20%
18-Jun-20,16.79,17.37,17.63,16.64,1.22M,-3.34%
17-Jun-20,17.37,16.92,17.68,16.26,2.23M,2.66%
16-Jun-20,16.92,15.99,17.26,15.99,2.35M,8.46%
15-Jun-20,15.6,15.81,16.2,15.06,2.20M,-3.05%
12-Jun-20,16.09,15.6,16.58,15.6,1.29M,4.96%
11-Jun-20,15.33,15.85,16.17,14.65,5.87M,-6.70%
10-Jun-20,16.43,17.4,17.4,16.28,5.84M,-5.90%
9-Jun-20,17.46,18.46,18.46,17.34,6.27M,-5.57%
8-Jun-20,18.49,18.43,18.74,18.08,2.07M,2.38%
5-Jun-20,18.06,17.68,18.19,17.45,1.43M,5.68%
4-Jun-20,17.09,16.66,17.62,16.1,2.55M,3.08%
3-Jun-20,16.58,15.78,16.89,15.49,1.75M,6.35%
2-Jun-20,15.59,15.2,16,15.12,3.30M,4.42%
1-Jun-20,14.93,14.69,15.28,14.46,545.82K,3.54%
29-May-20,14.42,14.5,14.73,14.1,1.52M,-3.29%
28-May-20,14.91,14.35,15.03,14.27,1.74M,4.63%
27-May-20,14.25,14,14.34,13.72,1.11M,3.86%
26-May-20,13.72,13.66,13.97,13.22,1.00M,1.78%
25-May-20,13.48,13.58,13.65,13.24,189.78K,-0.30%
22-May-20,13.52,13.29,13.55,12.79,837.56K,1.43%
21-May-20,13.33,12.68,13.35,12.53,1.85M,5.04%
20-May-20,12.69,12.77,13.29,12.52,870.81K,-0.63%
19-May-20,12.77,13.13,13.13,12.75,742.84K,-2.82%
18-May-20,13.14,13.35,13.56,12.88,1.31M,0.23%
15-May-20,13.11,13.19,13.35,12.85,1.52M,-0.08%
14-May-20,13.12,13.54,13.54,13.01,1.81M,-2.67%
13-May-20,13.48,14.42,14.42,13.29,1.96M,-6.91%
12-May-20,14.48,14.45,14.92,14.12,2.35M,-0.69%
11-May-20,14.58,13.88,14.65,13.4,5.72M,5.73%
8-May-20,13.79,13.48,14.1,13.26,3.56M,3.76%
7-May-20,13.29,13,13.31,12.88,1.50M,2.31%
6-May-20,12.99,13.05,13.06,12.8,855.26K,0.39%
5-May-20,12.94,13.15,13.31,12.9,616.15K,-0.61%
4-May-20,13.02,13.4,13.5,12.82,844.68K,-2.98%
30-Apr-20,13.42,14.5,14.5,13.1,1.68M,-4.89%
29-Apr-20,14.11,13.4,14.44,13.17,1.98M,6.97%
28-Apr-20,13.19,13.1,13.31,12.94,579.03K,1.38%
27-Apr-20,13.01,13.04,13.1,12.76,544.60K,1.64%
24-Apr-20,12.8,13.15,13.28,12.68,1.38M,-2.29%
23-Apr-20,13.1,12.68,13.17,12.68,908.06K,3.97%
22-Apr-20,12.6,13.15,13.42,12.41,2.35M,-3.60%
21-Apr-20,13.07,12.88,13.11,12.51,350.68K,1.16%
20-Apr-20,12.92,12.96,13.14,12.76,784.08K,-1.00%
17-Apr-20,13.05,13.22,13.4,12.74,698.54K,1.95%
16-Apr-20,12.8,13.53,13.6,12.71,928.71K,-4.76%
15-Apr-20,13.44,13.52,14.07,13.18,708.02K,-1.03%
14-Apr-20,13.58,13.17,13.65,13,1.65M,3.27%
13-Apr-20,13.15,13.97,13.97,13.01,1.19M,-4.36%
8-Apr-20,13.75,13.15,14.2,12.8,2.89M,5.04%
7-Apr-20,13.09,13.59,14.9,12.98,9.58M,-3.68%
6-Apr-20,13.59,14.16,14.8,13.31,1.32M,-1.45%
3-Apr-20,13.79,14.16,14.57,13.44,3.77M,-2.48%
2-Apr-20,14.14,14.77,15.16,13.86,2.99M,-4.91%
1-Apr-20,14.87,15.41,15.47,14.54,6.52M,-4.92%
31-Mar-20,15.64,15.16,15.92,15.12,1.19M,1.30%
30-Mar-20,15.44,15.44,15.83,14.96,1.48M,0.85%
27-Mar-20,15.31,15.22,15.62,14.85,4.28M,-3.04%
26-Mar-20,15.79,15.45,16.34,15.22,3.72M,3.75%
25-Mar-20,15.22,14.89,15.97,14.52,1.26M,2.70%
24-Mar-20,14.82,14.26,15,13.94,1.22M,6.77%
23-Mar-20,13.88,14.1,15.5,13.71,1.33M,-6.28%
20-Mar-20,14.81,15.35,16.73,13.8,7.62M,-3.27%
19-Mar-20,15.31,17.31,17.76,15.03,2.98M,-11.40%
18-Mar-20,17.28,21.13,21.46,16.7,1.68M,-20.73%
17-Mar-20,21.8,22,22.08,20.75,2.35M,-2.46%
13-Mar-20,22.35,21.89,22.94,21.42,1.70M,3.14%
12-Mar-20,21.67,22.3,22.74,20.1,2.83M,-4.87%
11-Mar-20,22.78,22.51,22.97,22.47,2.20M,0.18%
10-Mar-20,22.74,23.3,23.35,22.41,1.98M,0.93%
9-Mar-20,22.53,24,24,22.5,2.69M,-8.56%
6-Mar-20,24.64,24.62,25.04,24.42,1.22M,-1.40%
5-Mar-20,24.99,25.1,25.36,24.88,1.58M,-1.42%
4-Mar-20,25.35,25.63,25.71,25.16,3.78M,0.08%
3-Mar-20,25.33,25.46,25.79,25,2.45M,-1.13%
2-Mar-20,25.62,25.18,26.06,24.74,3.03M,1.71%
28-Feb-20,25.19,26,26.15,24.96,4.70M,-3.96%
27-Feb-20,26.23,27.41,27.49,25.96,2.23M,-5.27%
26-Feb-20,27.69,27.75,28.01,27.61,1.24M,0.44%
25-Feb-20,27.57,28.05,28.08,27.49,1.17M,-2.13%
24-Feb-20,28.17,28.07,28.69,28,661.53K,-2.36%
21-Feb-20,28.85,28.73,28.94,28.69,535.23K,0.35%
20-Feb-20,28.75,28.5,28.97,28.5,531.32K,0.63%
19-Feb-20,28.57,28.69,28.69,28.22,572.77K,0.07%
18-Feb-20,28.55,28.21,28.71,28.21,391.50K,0.18%
17-Feb-20,28.5,28.12,29.35,27.84,1.33M,1.42%
14-Feb-20,28.1,28.62,28.62,27.77,2.83M,-1.33%
13-Feb-20,28.48,29,29.09,28.41,2.15M,-2.57%
12-Feb-20,29.23,29.74,30.05,29.12,1.63M,-1.48%
11-Feb-20,29.67,29.66,29.99,29.59,589.26K,0.10%
10-Feb-20,29.64,29.38,29.94,29.23,527.04K,0.20%
7-Feb-20,29.58,29.06,29.85,28.54,3.57M,1.23%
6-Feb-20,29.22,28.02,29.31,27.53,2.29M,4.58%
5-Feb-20,27.94,28.15,28.39,27.81,2.53M,-0.11%
4-Feb-20,27.97,27.21,28.33,27.21,1.54M,3.25%
31-Jan-20,27.09,27.22,27.36,26.92,1.58M,-0.84%
30-Jan-20,27.32,27.23,27.41,27.02,1.29M,-0.69%
29-Jan-20,27.51,27.16,27.59,27.1,331.36K,1.14%
28-Jan-20,27.2,27.31,27.34,27.09,639.32K,-0.44%
27-Jan-20,27.32,27.49,27.86,27.26,838.79K,-1.90%
24-Jan-20,27.85,27.63,27.95,27.39,2.31M,0.91%
23-Jan-20,27.6,27.77,27.91,27.47,3.42M,-1.00%
22-Jan-20,27.88,27.82,28.03,27.65,721.57K,-0.07%
21-Jan-20,27.9,27.72,28.03,27.09,3.05M,-0.43%
20-Jan-20,28.02,27.28,28.31,27.16,413.77K,2.90%
17-Jan-20,27.23,27.26,27.33,26.9,783.26K,0.18%
16-Jan-20,27.18,26.62,27.23,26.3,1.71M,2.88%
15-Jan-20,26.42,26.21,26.88,26.16,2.72M,0.57%
14-Jan-20,26.27,26.38,26.5,26.21,1.35M,-0.53%
13-Jan-20,26.41,26.27,26.55,26.27,2.19M,0.46%
10-Jan-20,26.29,26.39,26.49,26.13,2.50M,-0.04%
9-Jan-20,26.3,26.32,26.37,26.08,2.59M,0.42%
8-Jan-20,26.19,26.4,26.43,25.93,1.42M,-1.13%
7-Jan-20,26.49,26.46,26.61,26.4,8.21M,0.11%
6-Jan-20,26.46,25.98,26.58,25.98,1.80M,-0.23%
3-Jan-20,26.52,26.22,26.68,26.22,514.57K,-0.23%
2-Jan-20,26.58,25.99,26.64,25.99,319.59K,2.90%
31-Dec-19,25.83,25.63,25.86,25.63,478.88K,0.43%
30-Dec-19,25.72,25.89,25.89,25.61,1.79M,-0.50%
27-Dec-19,25.85,26.08,26.13,25.72,785.66K,-0.73%
26-Dec-19,26.04,26.07,26.11,25.71,595.41K,0.12%
24-Dec-19,26.01,26.51,26.51,25.98,386.56K,-2.80%
23-Dec-19,26.76,26.72,26.91,26.51,499.44K,0.11%
20-Dec-19,26.73,26.97,27.02,26.33,3.42M,-0.48%
19-Dec-19,26.86,27.38,27.38,26.81,1.63M,-1.50%
18-Dec-19,27.27,26.2,27.34,26.2,1.65M,4.44%
17-Dec-19,26.11,26.04,26.2,25.74,1.88M,0.42%
16-Dec-19,26,25.59,26.17,25.53,1.53M,2.24%
13-Dec-19,25.43,24.7,25.55,24.7,1.19M,3.25%
11-Dec-19,24.63,24.56,24.69,24.5,1.64M,0.16%
10-Dec-19,24.59,24.24,24.64,24.23,1.18M,1.36%
9-Dec-19,24.26,24.18,24.36,24.14,3.46M,-0.29%
6-Dec-19,24.33,24.26,24.43,24.1,1.45M,0.29%
5-Dec-19,24.26,24.16,24.54,24.13,3.53M,0.25%
4-Dec-19,24.2,24.38,24.42,24.18,5.97M,-0.78%
3-Dec-19,24.39,24.03,24.46,24.03,1.86M,1.16%
2-Dec-19,24.11,24.69,24.76,24.02,3.98M,-2.39%
29-Nov-19,24.7,25.01,25.02,24.6,2.21M,-1.04%
28-Nov-19,24.96,24.97,25.43,24.9,248.14K,0.00%
27-Nov-19,24.96,24.99,25.08,24.89,607.60K,0.32%
26-Nov-19,24.88,25.81,25.81,24.74,6.17M,-4.20%
25-Nov-19,25.97,25.51,26.08,25.51,631.24K,1.92%
22-Nov-19,25.48,25.26,25.66,25.26,297.10K,0.43%
21-Nov-19,25.37,25.56,25.6,25.34,3.37M,-0.98%
20-Nov-19,25.62,25.53,25.71,25.51,2.75M,0.00%
19-Nov-19,25.62,24.8,25.71,24.77,1.22M,3.22%
15-Nov-19,24.82,24.2,24.88,24.2,3.31M,1.39%
14-Nov-19,24.48,24.54,24.59,24.36,2.91M,0.29%
13-Nov-19,24.41,24.57,24.62,24.15,1.23M,-1.09%
12-Nov-19,24.68,24.88,24.93,24.6,888.03K,-0.80%
11-Nov-19,24.88,24.92,24.98,24.81,1.70M,-0.52%
8-Nov-19,25.01,25.28,25.37,24.84,1.30M,-1.26%
7-Nov-19,25.33,25.35,25.67,25.24,676.15K,0.36%
6-Nov-19,25.24,25.68,25.72,25.1,2.27M,-1.98%
5-Nov-19,25.75,26.5,26.5,25.73,1.02M,-2.17%
4-Nov-19,26.32,26.75,26.93,26.27,564.16K,-1.39%
1-Nov-19,26.69,26,26.83,25.82,1.45M,3.33%
31-Oct-19,25.83,25.93,26,25.64,2.48M,-1.41%
30-Oct-19,26.2,26.53,26.57,25.95,940.62K,-0.91%
29-Oct-19,26.44,26.57,26.73,26.2,1.34M,-1.16%
28-Oct-19,26.75,26.87,26.95,26.52,2.02M,-0.89%
25-Oct-19,26.99,26.5,27.07,26.5,2.49M,1.39%
24-Oct-19,26.62,27.01,27.01,26.45,2.20M,-1.22%
23-Oct-19,26.95,26.94,27,26.79,1.64M,-0.07%
22-Oct-19,26.97,26.61,27.09,26.54,1.80M,1.24%
21-Oct-19,26.64,26.5,26.75,26.3,3.32M,0.95%
18-Oct-19,26.39,26.02,26.64,26.02,3.87M,0.19%
17-Oct-19,26.34,26.31,26.44,25.91,2.30M,1.07%
16-Oct-19,26.06,26.08,26.21,25.93,778.10K,-0.76%
15-Oct-19,26.26,26.38,26.89,26.18,4.01M,0.19%
14-Oct-19,26.21,26.47,26.59,26.07,542.13K,-1.28%
11-Oct-19,26.55,26.22,26.61,26.05,792.30K,1.96%
10-Oct-19,26.04,25.6,26.1,25.58,558.57K,1.44%
9-Oct-19,25.67,26,26.01,25.57,1.39M,-1.08%
8-Oct-19,25.95,25.97,26.23,25.69,2.83M,0.19%
7-Oct-19,25.9,25.16,25.98,25.16,3.98M,2.82%
4-Oct-19,25.19,24.76,25.26,24.61,1.32M,1.08%
3-Oct-19,24.92,24.79,24.96,24.38,872.98K,0.73%
2-Oct-19,24.74,24.76,24.96,24.52,3.12M,-0.88%
1-Oct-19,24.96,24.98,25.14,24.88,3.09M,0.24%
30-Sep-19,24.9,25.38,25.38,24.77,3.25M,-1.07%
27-Sep-19,25.17,25.6,25.6,25.13,1.55M,-1.33%
26-Sep-19,25.51,25.48,25.6,25.09,2.38M,0.35%
25-Sep-19,25.42,25.05,25.46,24.95,2.55M,1.23%
24-Sep-19,25.11,25.11,25.26,24.95,1.18M,-0.48%
23-Sep-19,25.23,24.82,25.31,24.82,5.26M,1.69%
20-Sep-19,24.81,25.19,25.2,24.71,51.29M,-1.16%
19-Sep-19,25.1,24.8,25.26,24.66,5.16M,0.92%
18-Sep-19,24.87,24.84,25.18,24.76,4.47M,-0.12%
17-Sep-19,24.9,25.49,25.49,24.65,5.12M,-1.78%
13-Sep-19,25.35,25.3,25.42,25.06,3.32M,0.92%
12-Sep-19,25.12,25.28,25.42,25.03,7.43M,-1.02%
11-Sep-19,25.38,25.14,25.6,25.1,16.96M,0.08%
10-Sep-19,25.36,25.5,25.59,25.2,6.20M,-0.47%
9-Sep-19,25.48,26.22,26.25,25.28,3.82M,-1.47%
6-Sep-19,25.86,25.79,26.05,25.15,3.06M,1.21%
5-Sep-19,25.55,24.08,25.69,24.01,6.80M,6.59%
4-Sep-19,23.97,24.69,24.72,23.17,117.93M,-2.72%
3-Sep-19,24.64,25.13,25.18,24.2,59.28M,-2.18%
2-Sep-19,25.19,25.25,25.32,24.69,2.90M,-1.10%
30-Aug-19,25.47,25.93,25.93,25.34,68.88M,-0.97%
29-Aug-19,25.72,25.74,25.91,25.48,20.05M,0.74%
28-Aug-19,25.53,25.46,25.7,25.41,11.18M,-0.43%
27-Aug-19,25.64,25.85,25.87,25.47,8.72M,-0.08%
26-Aug-19,25.66,25.71,25.76,25.53,4.24M,1.42%
23-Aug-19,25.3,25.65,25.81,25.25,3.76M,-1.79%
22-Aug-19,25.76,25.45,25.87,25.45,5.69M,2.14%
21-Aug-19,25.22,25.04,25.5,25.04,31.45M,0.12%
20-Aug-19,25.19,25.61,25.68,25.13,1.87M,-2.17%
19-Aug-19,25.75,26.08,26.11,25.67,1.24M,-0.73%
16-Aug-19,25.94,25.46,26.02,25.43,2.83M,3.26%
15-Aug-19,25.12,24.32,25.57,24.32,1.33M,0.20%
14-Aug-19,25.07,25.06,25.53,24.92,3.80M,-2.94%
13-Aug-19,25.83,25.4,26.29,25.4,1.94M,-0.12%
12-Aug-19,25.86,26.01,26.3,25.73,1.20M,-1.75%
9-Aug-19,26.32,26.32,26.44,26.13,1.41M,-1.05%
8-Aug-19,26.6,26.62,26.8,26.5,1.98M,0.91%
7-Aug-19,26.36,26.08,26.5,26.08,2.37M,-0.57%
6-Aug-19,26.51,26.12,26.86,26.12,2.08M,-0.30%
5-Aug-19,26.59,26.2,27.05,26.2,2.40M,-1.26%
2-Aug-19,26.93,26,27,26,2.15M,0.30%
1-Aug-19,26.85,26.81,27.45,26.76,5.42M,-1.94%
31-Jul-19,27.38,27.04,27.44,27.04,6.36M,-0.44%
30-Jul-19,27.5,28.05,28.05,27.32,2.82M,-3.13%
29-Jul-19,28.39,28.43,28.57,28.27,2.30M,-0.39%
26-Jul-19,28.5,27.79,28.62,27.79,6.26M,-0.49%
25-Jul-19,28.64,29.21,29.21,28.44,4.81M,-1.38%
24-Jul-19,29.04,29.09,29.17,28.89,6.29M,-0.14%
23-Jul-19,29.08,28.65,29.25,28.65,3.85M,3.34%
22-Jul-19,28.14,28.79,28.79,28.07,953.42K,0.07%
19-Jul-19,28.12,27.79,28.37,27.79,1.04M,-1.09%
18-Jul-19,28.43,28.87,28.92,28.38,2.82M,-2.17%
17-Jul-19,29.06,29.99,29.99,28.96,1.61M,-2.42%
16-Jul-19,29.78,29.79,30.06,29.66,1.27M,0.64%
15-Jul-19,29.59,29.73,29.84,29.43,2.26M,-0.07%
12-Jul-19,29.61,29.95,29.95,29.58,934.32K,-1.99%
11-Jul-19,30.21,30.01,30.26,29.89,1.12M,1.96%
10-Jul-19,29.63,29.6,30.23,29.57,1.20M,0.99%
9-Jul-19,29.34,29.2,29.58,29.11,1.60M,0.00%
8-Jul-19,29.34,30.98,30.98,29.2,1.53M,-2.17%
5-Jul-19,29.99,30.4,30.4,29.81,1.25M,0.00%
4-Jul-19,29.99,30,30.24,29.7,444.96K,-0.50%
3-Jul-19,30.14,29.51,30.2,29.22,1.17M,2.97%
2-Jul-19,29.27,29.39,29.54,29.18,1.00M,-0.41%
1-Jul-19,29.39,29.7,29.81,29.29,1.23M,0.07%
28-Jun-19,29.37,29.38,29.69,29.26,2.56M,0.41%
27-Jun-19,29.25,30.28,30.28,29.21,1.53M,0.00%
26-Jun-19,29.25,29.19,29.56,29.06,1.44M,0.48%
25-Jun-19,29.11,28.63,29.16,28.63,1.68M,0.87%
24-Jun-19,28.86,29.02,29.1,28.82,1.60M,-0.52%
21-Jun-19,29.01,28.78,29.1,28.62,9.97M,0.87%
20-Jun-19,28.76,28.84,28.91,28.53,1.68M,0.00%
19-Jun-19,28.76,28.4,29.1,28.4,1.26M,0.49%
18-Jun-19,28.62,28.19,28.68,28.19,1.77M,1.60%
17-Jun-19,28.17,28.23,28.64,28.09,800.78K,-0.32%
14-Jun-19,28.26,28.48,28.48,28.11,1.45M,-1.33%
13-Jun-19,28.64,28.71,28.78,28.49,2.98M,-0.83%
12-Jun-19,28.88,28.88,28.9,28.68,2.97M,-0.72%
11-Jun-19,29.09,28.97,29.25,28.93,3.58M,0.41%
10-Jun-19,28.97,29.82,30.44,28.75,4.45M,-0.55%
7-Jun-19,29.13,29.23,29.42,28.99,1.66M,0.07%
6-Jun-19,29.11,29.4,29.59,28.89,3.15M,-0.34%
5-Jun-19,29.21,29.45,29.5,28.97,1.95M,-1.12%
4-Jun-19,29.54,29,29.72,28.99,9.10M,1.86%
3-Jun-19,29,28.88,29.22,28.64,7.22M,1.05%
31-May-19,28.7,28.67,29.17,28.3,6.21M,-1.24%
30-May-19,29.06,28.35,29.12,28.35,2.50M,2.22%
29-May-19,28.43,27.81,28.5,27.81,7.13M,1.17%
28-May-19,28.1,28.1,28.49,27.98,12.88M,0.29%
27-May-19,28.02,28.21,28.48,27.99,1.13M,-0.99%
24-May-19,28.3,28.51,28.7,28.24,2.26M,-2.01%
23-May-19,28.88,28.98,28.98,28.32,2.42M,-0.55%
22-May-19,29.04,29.3,29.3,28.93,3.26M,-1.73%
21-May-19,29.55,29.42,29.7,29.24,2.55M,0.51%
20-May-19,29.4,29.39,29.71,29.3,5.56M,-1.04%
17-May-19,29.71,29.29,30.38,29.29,2.23M,-0.93%
16-May-19,29.99,29.42,30.9,29.42,6.83M,1.21%
15-May-19,29.63,29.85,29.91,29.5,3.94M,-0.54%
14-May-19,29.79,29.4,30.01,29.4,4.46M,-0.27%
13-May-19,29.87,30.06,30.44,29.6,2.81M,-1.39%
10-May-19,30.29,29.73,30.59,29.73,2.14M,-0.03%
9-May-19,30.3,30.1,30.73,30.01,5.50M,-0.66%
8-May-19,30.5,30.68,30.88,30.37,2.67M,-0.10%
7-May-19,30.53,30.59,30.72,30.2,2.01M,-1.74%
6-May-19,31.07,30,31.19,30,1.90M,-0.48%
3-May-19,31.22,30.72,31.47,30.72,1.51M,-0.38%
2-May-19,31.34,31.67,31.76,31.22,7.04M,-1.57%
30-Apr-19,31.84,31.95,32.13,31.59,6.99M,0.25%
29-Apr-19,31.76,31.47,32.02,31.47,11.58M,1.76%
26-Apr-19,31.21,31.35,31.37,30.95,2.85M,0.19%
25-Apr-19,31.15,30.64,31.54,30.64,2.24M,-0.35%
24-Apr-19,31.26,31.82,31.9,31.17,2.82M,-2.22%
23-Apr-19,31.97,31.96,32.08,31.85,4.12M,-0.44%
22-Apr-19,32.11,32.72,32.72,31.95,6.90M,-1.20%
17-Apr-19,32.5,32.23,32.8,32.23,2.86M,1.69%
16-Apr-19,31.96,31.6,32,31.6,13.46M,1.08%
15-Apr-19,31.62,31.55,31.89,31.48,10.64M,0.25%
12-Apr-19,31.54,31,32.5,31,31.11M,11.06%
11-Apr-19,28.4,28.57,28.8,28.05,2.58M,-1.11%
10-Apr-19,28.72,28.7,28.93,28.41,4.40M,-0.07%
9-Apr-19,28.74,28.07,28.94,28.07,5.29M,1.02%
8-Apr-19,28.45,27.41,28.55,27.18,3.76M,2.78%
5-Apr-19,27.68,27.24,27.92,26.97,2.98M,1.43%
4-Apr-19,27.29,26.53,27.48,26.26,2.94M,2.71%
3-Apr-19,26.57,26.53,26.93,26.31,2.41M,0.45%
2-Apr-19,26.45,26.52,26.81,26.34,2.48M,-1.34%
1-Apr-19,26.81,26.54,26.89,26.41,2.39M,1.06%
29-Mar-19,26.53,26.29,26.62,26.22,2.77M,1.61%
28-Mar-19,26.11,26.01,26.17,25.53,2.98M,0.69%
27-Mar-19,25.93,25.29,25.99,25.29,2.93M,3.06%
26-Mar-19,25.16,25.65,25.82,24.89,4.50M,-1.87%
25-Mar-19,25.64,24.75,25.81,24.75,3.51M,3.76%
22-Mar-19,24.71,26.02,26.11,24.6,3.25M,-5.54%
21-Mar-19,26.16,26.54,26.76,26.07,5.50M,-2.06%
20-Mar-19,26.71,26.14,26.8,25.85,3.89M,1.99%
19-Mar-19,26.19,26.16,26.43,26.03,3.88M,1.08%
15-Mar-19,25.91,25.88,26.26,25.54,14.62M,-0.38%
14-Mar-19,26.01,25.84,26.26,25.72,2.94M,1.25%
13-Mar-19,25.69,26.02,26.02,25.51,2.77M,-0.16%
12-Mar-19,25.73,25.7,26.02,25.48,4.81M,0.70%
11-Mar-19,25.55,25.48,25.86,25.27,2.48M,-0.16%
8-Mar-19,25.59,26.21,26.21,25.26,4.24M,-2.37%
7-Mar-19,26.21,26.56,26.87,26.12,1.89M,-1.32%
6-Mar-19,26.56,26.55,26.75,26.11,3.33M,0.42%
5-Mar-19,26.45,26.54,26.63,26.15,1.93M,-0.75%
4-Mar-19,26.65,26.75,27.04,26.51,2.05M,-0.11%
1-Mar-19,26.68,26.45,26.81,26.06,3.04M,0.79%
28-Feb-19,26.47,26.2,26.56,25.76,5.26M,1.07%
27-Feb-19,26.19,27.1,27.2,26.13,3.39M,-3.71%
26-Feb-19,27.2,27.29,27.48,27.08,5.26M,-0.55%
25-Feb-19,27.35,27.15,27.5,27.02,5.72M,0.74%
22-Feb-19,27.15,27.03,27.5,26.89,4.27M,0.44%
21-Feb-19,27.03,26.9,27.24,26.65,5.08M,0.48%
20-Feb-19,26.9,26.64,27,26.51,3.72M,1.70%
19-Feb-19,26.45,26.74,26.8,26.12,4.06M,-1.08%
18-Feb-19,26.74,27,27.11,26.41,374.16K,-0.30%
15-Feb-19,26.82,27.31,27.31,26.61,2.42M,0.22%
14-Feb-19,26.76,26.46,27.18,26.15,4.35M,1.63%
13-Feb-19,26.33,26.77,27.24,26.22,5.38M,-1.86%
12-Feb-19,26.83,27.4,27.4,26.41,7.90M,-0.48%
11-Feb-19,26.96,26.16,27.03,26.16,3.73M,2.55%
8-Feb-19,26.29,26.78,26.83,26.02,2.79M,-2.59%
7-Feb-19,26.99,27.64,27.64,26.58,6.52M,-3.54%
6-Feb-19,27.98,28.33,28.59,27.72,11.34M,-0.57%
5-Feb-19,28.14,28.21,28.54,27.92,3.79M,0.57%
1-Feb-19,27.98,28.75,29.07,27.92,10.79M,-2.27%
31-Jan-19,28.63,28.7,28.79,27.86,11.86M,-0.31%
30-Jan-19,28.72,28.25,28.9,28.18,8.69M,2.13%
29-Jan-19,28.12,28.2,28.39,27.8,11.48M,-0.07%
28-Jan-19,28.14,28.1,28.24,27.64,8.25M,0.68%
25-Jan-19,27.95,27.8,28.1,27.4,5.46M,1.75%
24-Jan-19,27.47,27.23,27.54,27.02,5.24M,1.74%
23-Jan-19,27,26.63,27.09,26.35,5.98M,2.27%
22-Jan-19,26.4,26.34,26.63,26.16,7.61M,0.84%
21-Jan-19,26.18,27.06,27.46,25.83,1.77M,-2.35%
18-Jan-19,26.81,26.57,27,26.31,3.73M,1.94%
17-Jan-19,26.3,25.65,26.38,25.58,5.95M,2.33%
16-Jan-19,25.7,24.96,26,24.96,9.00M,2.31%
15-Jan-19,25.12,24.88,25.15,24.86,5.71M,0.84%
14-Jan-19,24.91,24.59,25.15,24.5,2.17M,0.28%
11-Jan-19,24.84,24.77,25.01,24.36,4.82M,0.81%
10-Jan-19,24.64,25.03,25.31,24.24,2.98M,-1.52%
9-Jan-19,25.02,25.32,25.74,24.5,4.75M,-1.03%
8-Jan-19,25.28,25.31,25.31,24.93,2.46M,1.00%
7-Jan-19,25.03,25.2,25.23,24.74,2.49M,-0.32%
4-Jan-19,25.11,24.68,25.17,24.68,2.41M,2.83%
3-Jan-19,24.42,24.56,24.74,24.01,1.50M,-0.77%
2-Jan-19,24.61,24.3,24.72,24.03,986.81K,0.86%
31-Dec-18,24.4,24.1,24.55,24,3.22M,1.20%
28-Dec-18,24.11,23.86,24.17,23.86,933.31K,1.52%
27-Dec-18,23.75,23.83,24.35,23.28,1.53M,-1.82%
26-Dec-18,24.19,24.06,24.32,23.8,1.98M,-1.06%
24-Dec-18,24.45,24.32,24.56,24,858.17K,-0.20%
21-Dec-18,24.5,24.9,25.06,24.36,8.14M,-2.35%
20-Dec-18,25.09,24.82,25.36,24.68,2.38M,1.70%
19-Dec-18,24.67,24.76,25.15,24.49,3.98M,-0.36%
18-Dec-18,24.76,24.41,25.27,24.27,4.05M,2.15%
17-Dec-18,24.24,25.1,25.16,24.19,2.42M,-3.46%
14-Dec-18,25.11,25.36,25.6,25.02,4.69M,-0.83%
13-Dec-18,25.32,25.65,26.2,25.28,6.27M,-2.28%
11-Dec-18,25.91,26.45,26.45,25.67,15.65M,0.78%
10-Dec-18,25.71,26.17,26.2,25.5,12.54M,-0.92%
7-Dec-18,25.95,25.98,26.09,25.39,4.05M,2.17%
6-Dec-18,25.4,25.15,25.53,24.52,9.56M,-0.51%
5-Dec-18,25.53,25.75,25.97,25.46,556.18K,-0.62%
4-Dec-18,25.69,25.76,25.95,25.53,3.84M,0.55%
3-Dec-18,25.55,24.92,25.73,24.91,6.67M,2.24%
30-Nov-18,24.99,25.39,25.39,24.62,11.24M,-1.88%
29-Nov-18,25.47,24.97,25.65,24.83,3.35M,1.64%
28-Nov-18,25.06,24.76,25.17,23.9,8.16M,2.96%
27-Nov-18,24.34,24.1,24.73,23.87,3.79M,1.29%
26-Nov-18,24.03,25.97,25.97,23.5,7.89M,-6.24%
23-Nov-18,25.63,24.83,26.19,24.69,1.91M,4.10%
22-Nov-18,24.62,25.12,25.12,24.6,150.43K,-1.76%
21-Nov-18,25.06,25.58,25.85,24.9,2.07M,-0.63%
20-Nov-18,25.22,25.49,25.79,25.05,5.00M,-2.96%
16-Nov-18,25.99,25.63,26.06,25.15,4.41M,1.25%
15-Nov-18,25.67,25.88,26.18,25.52,3.99M,-1.87%
14-Nov-18,26.16,25.86,26.57,25.69,6.48M,2.31%
13-Nov-18,25.57,24.9,26.47,24.9,8.66M,0.12%
12-Nov-18,25.54,26.35,26.35,24.65,6.09M,-3.29%
9-Nov-18,26.41,26.76,27.95,25.12,6.29M,1.97%
8-Nov-18,25.9,27.87,27.99,25.58,5.66M,-8.12%
7-Nov-18,28.19,27.98,28.33,27.79,4.03M,1.08%
6-Nov-18,27.89,27.57,28.28,27.42,8.70M,0.18%
5-Nov-18,27.84,27.3,28.33,27.09,5.17M,1.94%
1-Nov-18,27.31,25.44,27.55,25.44,9.03M,7.82%
31-Oct-18,25.33,26.31,27.34,25.21,11.63M,-3.47%
30-Oct-18,26.24,26.83,27.03,25.99,7.26M,-1.80%
29-Oct-18,26.72,28,28.3,26.45,4.04M,-4.09%
26-Oct-18,27.86,28.3,28.3,27.71,1.93M,-2.42%
25-Oct-18,28.55,28.39,29.31,28,2.16M,0.71%
24-Oct-18,28.35,29.16,29.68,28.27,41.91M,-2.14%
23-Oct-18,28.97,29.37,29.44,28.81,4.27M,-2.69%
22-Oct-18,29.77,30.36,30.38,29.26,1.63M,-1.36%
19-Oct-18,30.18,30.14,30.4,29.59,6.51M,1.38%
18-Oct-18,29.77,29.77,30.25,29.57,3.63M,-1.06%
17-Oct-18,30.09,29.73,30.18,29.32,2.17M,1.52%
16-Oct-18,29.64,29.17,30.1,29.17,2.65M,2.49%
15-Oct-18,28.92,28.68,29.33,28.62,1.91M,1.01%
12-Oct-18,28.63,28.44,29.09,28.39,43.26M,1.42%
11-Oct-18,28.23,29.24,29.24,28.16,5.74M,-3.62%
10-Oct-18,29.29,29.53,30.1,29.14,4.50M,-1.25%
9-Oct-18,29.66,29.92,29.92,28.97,1.53M,-0.50%
8-Oct-18,29.81,29.11,29.94,29.07,1.63M,2.86%
5-Oct-18,28.98,29.92,29.92,28.85,1.35M,-3.24%
4-Oct-18,29.95,29.84,30.14,29.44,1.31M,1.22%
3-Oct-18,29.59,30.5,30.7,29.55,30.69M,-1.92%
2-Oct-18,30.17,30.49,30.79,29.73,1.89M,-1.28%
1-Oct-18,30.56,29.22,30.8,29.22,2.33M,4.87%
28-Sep-18,29.14,28.84,29.28,28.46,7.29M,0.83%
27-Sep-18,28.9,29.29,29.37,28.65,3.78M,-0.69%
26-Sep-18,29.1,29.03,29.31,28.93,2.19M,0.24%
25-Sep-18,29.03,28.84,29.26,28.62,4.81M,1.04%
24-Sep-18,28.73,28.72,28.83,28.46,1.81M,0.28%
21-Sep-18,28.65,28.98,29.26,28.52,11.05M,-1.04%
20-Sep-18,28.95,28.94,29.13,28.74,1.61M,0.03%
19-Sep-18,28.94,28.81,29.11,28.64,4.12M,0.49%
18-Sep-18,28.8,28.89,28.96,28.52,5.01M,0.07%
17-Sep-18,28.78,29.11,29.11,28.7,1.18M,-0.35%
14-Sep-18,28.88,28.47,28.92,28.08,3.49M,1.55%
13-Sep-18,28.44,29.18,29.18,28.28,5.99M,-2.20%
12-Sep-18,29.08,29.07,29.58,28.25,2.80M,0.03%
11-Sep-18,29.07,28.9,29.2,28.74,1.90M,0.48%
10-Sep-18,28.93,29.5,29.54,28.7,1.87M,-1.90%
7-Sep-18,29.49,29.67,29.89,29.2,1.48M,-1.31%
6-Sep-18,29.88,29.82,30.18,29.66,1.93M,-0.13%
5-Sep-18,29.92,30.34,30.34,29.77,1.56M,-2.06%
4-Sep-18,30.55,30.54,30.96,30.15,2.34M,0.46%
3-Sep-18,30.41,30.38,30.5,30,214.90K,0.56%
31-Aug-18,30.24,29.85,30.28,29.72,2.99M,0.63%
30-Aug-18,30.05,30.71,30.84,29.62,2.55M,-2.50%
29-Aug-18,30.82,30.56,31.08,30.41,1.50M,0.75%
28-Aug-18,30.59,31,31.1,30.34,2.14M,-1.07%
27-Aug-18,30.92,30.1,31,30.1,2.02M,2.76%
24-Aug-18,30.09,29.91,30.6,29.91,1.88M,0.57%
23-Aug-18,29.92,30.25,30.65,29.84,1.37M,-1.77%
22-Aug-18,30.46,30.12,30.6,29.42,2.76M,0.63%
21-Aug-18,30.27,30.18,30.51,29.96,2.10M,0.36%
20-Aug-18,30.16,29.69,30.22,29.4,1.22M,2.06%
17-Aug-18,29.55,29.62,29.87,29.35,1.27M,-0.37%
16-Aug-18,29.66,30.15,30.24,29.35,1.31M,-1.72%
15-Aug-18,30.18,30.54,30.67,29.87,1.98M,-0.89%
14-Aug-18,30.45,30.71,30.71,30.29,3.79M,-0.59%
13-Aug-18,30.63,30.54,31.09,30.16,765.41K,0.26%
10-Aug-18,30.55,31.06,31.29,29.9,2.76M,-2.74%
9-Aug-18,31.41,31.92,31.92,30.86,5.31M,-1.01%
8-Aug-18,31.73,31.85,32.33,31.23,4.30M,-0.13%
7-Aug-18,31.77,31.28,32.23,31.28,3.46M,2.29%
6-Aug-18,31.06,31.02,31.4,30.64,1.54M,0.71%
3-Aug-18,30.84,30.8,31,30.4,3.12M,0.62%
2-Aug-18,30.65,31.33,31.43,30.4,1.94M,-2.61%
1-Aug-18,31.47,31.43,31.98,31.23,996.84K,0.16%
31-Jul-18,31.42,31.56,32.11,31.23,3.89M,-0.91%
30-Jul-18,31.71,32.12,32.57,31.16,4.41M,-2.37%
27-Jul-18,32.48,31.22,32.92,31.03,3.89M,4.50%
26-Jul-18,31.08,31.59,31.83,30.97,2.89M,-1.21%
25-Jul-18,31.46,30.79,31.81,30.61,2.26M,2.38%
24-Jul-18,30.73,30.42,31.39,30.42,1.68M,1.65%
23-Jul-18,30.23,30.54,30.65,30.11,1.49M,-1.47%
20-Jul-18,30.68,30.02,30.72,28.1,3.53M,1.29%
19-Jul-18,30.29,29.38,30.37,29.38,1.47M,2.54%
18-Jul-18,29.54,29.08,29.7,29.07,2.28M,1.16%
17-Jul-18,29.2,29.55,29.56,29.13,2.21M,-1.35%
16-Jul-18,29.6,29.93,30.13,29.49,896.32K,-1.66%
13-Jul-18,30.1,29.91,30.41,29.77,2.21M,0.80%
12-Jul-18,29.86,30,30.2,29.73,2.25M,-0.40%
11-Jul-18,29.98,29.1,30.06,28.83,2.71M,3.17%
10-Jul-18,29.06,28.93,29.65,28.85,3.53M,0.76%
9-Jul-18,28.84,29.35,29.7,28.71,3.02M,-1.74%
6-Jul-18,29.35,28.72,29.73,28.16,3.43M,3.02%
5-Jul-18,28.49,27.77,28.65,26.83,3.49M,3.37%
4-Jul-18,27.56,27.41,27.59,27.33,298.78K,1.14%
3-Jul-18,27.25,26.13,27.56,26.08,2.33M,3.97%
2-Jul-18,26.21,26.95,27.45,26.1,2.82M,-2.31%
29-Jun-18,26.83,25.98,26.9,25.98,3.90M,2.92%
28-Jun-18,26.07,25.53,26.19,25.4,2.70M,0.97%
27-Jun-18,25.82,26.25,26.38,25.76,1.80M,-3.55%
26-Jun-18,26.77,26.18,26.92,26.01,2.85M,1.67%
25-Jun-18,26.33,26.25,26.65,26.25,5.06M,-1.20%
22-Jun-18,26.65,26.94,26.94,26.34,4.73M,-0.41%
21-Jun-18,26.76,27.04,27.42,26.69,2.90M,-2.19%
20-Jun-18,27.36,27.56,27.56,27.18,3.20M,0.04%
19-Jun-18,27.35,27.61,27.61,27.1,2.03M,-1.01%
18-Jun-18,27.63,28.13,28.13,27.29,3.24M,-2.30%
15-Jun-18,28.28,28.82,28.82,27.4,9.88M,-2.15%
14-Jun-18,28.9,29.23,29.7,28.81,2.17M,-1.70%
13-Jun-18,29.4,29.4,30.25,28.94,5.30M,1.52%
12-Jun-18,28.96,28.92,29.03,28.52,2.61M,1.08%
11-Jun-18,28.65,27.91,28.84,27.91,4.82M,3.17%
8-Jun-18,27.77,27.57,27.84,27.2,1.75M,-0.54%
7-Jun-18,27.92,26.5,27.98,26.5,2.99M,5.24%
6-Jun-18,26.53,26.89,26.89,26.35,1.18M,-0.08%
5-Jun-18,26.55,26.15,26.72,26.09,2.22M,1.03%
4-Jun-18,26.28,26.39,27,26.09,1.80M,-0.42%
1-Jun-18,26.39,26.15,26.63,25.96,1.03M,1.11%
31-May-18,26.1,25.96,26.18,25.58,7.07M,0.58%
30-May-18,25.95,25.25,26.25,25.1,3.55M,2.94%
29-May-18,25.21,25.84,25.84,24.96,3.69M,-2.74%
28-May-18,25.92,25.7,26.23,25.52,245.03K,0.08%
25-May-18,25.9,26.11,26.15,25.82,2.45M,-0.88%
24-May-18,26.13,26.62,26.7,25.76,1.57M,-2.43%
23-May-18,26.78,26.34,27.19,26.08,1.92M,0.53%
22-May-18,26.64,25.98,26.89,25.95,1.85M,2.94%
21-May-18,25.88,26.79,26.8,25.8,1.42M,-3.43%
18-May-18,26.8,26.65,27.23,26.65,1.84M,-0.26%
17-May-18,26.87,27.05,27.21,26.72,2.08M,-0.56%
16-May-18,27.02,27.35,27.52,26.92,817.85K,-0.99%
15-May-18,27.29,27.42,27.75,27.04,2.07M,-0.44%
14-May-18,27.41,27.34,27.66,27.27,800.14K,-0.18%
11-May-18,27.46,27.82,27.96,27,1.18M,-1.08%
10-May-18,27.76,27.04,28.36,26.94,2.71M,2.06%
9-May-18,27.2,27.53,27.68,27.03,1.56M,-1.13%
8-May-18,27.51,26.64,27.74,26.64,2.21M,3.54%
7-May-18,26.57,26.94,27.34,26.48,1.12M,-1.67%
4-May-18,27.02,27.27,27.7,26.95,2.70M,-1.35%
3-May-18,27.39,28.07,28.07,27.25,1.99M,-2.84%
2-May-18,28.19,27.75,28.31,27.53,2.23M,1.70%
30-Apr-18,27.72,27.48,27.96,27.48,5.23M,0.98%
27-Apr-18,27.45,28.23,28.26,27.13,1.89M,-3.17%
26-Apr-18,28.35,27.67,28.53,27.67,8.71M,2.31%
25-Apr-18,27.71,27.99,28.22,27.66,10.16M,-1.49%
24-Apr-18,28.13,28.11,28.34,27.86,3.44M,0.50%
23-Apr-18,27.99,27.03,28.41,27.03,2.12M,1.74%
20-Apr-18,27.51,27.43,27.56,27.22,3.05M,0.73%
19-Apr-18,27.31,27.01,27.69,27.01,6.00M,-0.47%
18-Apr-18,27.44,27.8,27.8,27.27,3.40M,-0.51%
17-Apr-18,27.58,27.38,27.7,27.26,3.20M,0.73%
16-Apr-18,27.38,27.12,27.73,27.1,1.74M,0.55%
13-Apr-18,27.23,27.02,27.34,26.8,868.55K,0.29%
12-Apr-18,27.15,26.93,27.44,26.68,3.69M,0.63%
11-Apr-18,26.98,26.92,27.17,26.61,1.89M,0.67%
10-Apr-18,26.8,26.99,27.2,26.44,3.22M,-0.37%
9-Apr-18,26.9,27.33,27.49,26.77,2.54M,-1.57%
6-Apr-18,27.33,27.23,27.67,27.23,1.80M,-0.15%
5-Apr-18,27.37,26.89,27.56,26.89,2.91M,1.52%
4-Apr-18,26.96,26.8,27.08,26.25,3.28M,1.24%
3-Apr-18,26.63,25.8,26.79,25.8,2.53M,2.11%
2-Apr-18,26.08,26.62,26.62,25.93,3.78M,-0.27%
28-Mar-18,26.15,26.63,26.63,25.92,3.94M,-0.53%
27-Mar-18,26.29,25.69,26.52,25.39,2.98M,3.46%
26-Mar-18,25.41,25.63,25.69,25.02,1.47M,-0.47%
23-Mar-18,25.53,25.69,26.1,25.43,2.08M,-0.58%
22-Mar-18,25.68,26.1,26.45,25.6,3.00M,-1.68%
21-Mar-18,26.12,25.37,26.22,25.3,3.85M,2.11%
20-Mar-18,25.58,25.92,25.92,25.36,2.71M,0.00%
16-Mar-18,25.58,26,26.48,25.45,16.99M,-3.25%
15-Mar-18,26.44,26.96,26.96,26.25,2.74M,-0.45%
14-Mar-18,26.56,26.95,27.14,26.5,2.98M,-1.45%
13-Mar-18,26.95,27.59,27.59,26.85,2.71M,-1.93%
12-Mar-18,27.48,27.58,27.96,27.42,4.91M,-0.29%
9-Mar-18,27.56,27.1,27.69,27.1,2.38M,1.92%
8-Mar-18,27.04,27.1,27.39,26.94,2.48M,0.00%
7-Mar-18,27.04,26.56,27.16,26.48,4.29M,1.46%
6-Mar-18,26.65,26.82,26.99,26.58,1.72M,-0.07%
5-Mar-18,26.67,27.22,27.22,26.2,1.21M,0.38%
2-Mar-18,26.57,26.38,26.69,26.13,2.25M,-0.64%
1-Mar-18,26.74,26.88,26.88,26.5,1.87M,0.49%
28-Feb-18,26.61,27.41,27.41,26.54,7.63M,-2.06%
27-Feb-18,27.17,27.4,27.42,26.98,2.45M,-0.80%
26-Feb-18,27.39,27.75,28.8,27.31,1.60M,-0.94%
23-Feb-18,27.65,26.95,27.77,26.95,1.30M,1.39%
22-Feb-18,27.27,27.41,27.62,27,2.99M,-1.16%
21-Feb-18,27.59,27.35,27.74,27.35,2.28M,-0.04%
20-Feb-18,27.6,27.46,27.68,27.07,2.96M,0.55%
19-Feb-18,27.45,27.51,27.69,27.34,578.19K,-0.22%
16-Feb-18,27.51,27.42,27.8,27.13,1.29M,0.44%
15-Feb-18,27.39,27.84,27.94,27.26,3.57M,-0.80%
14-Feb-18,27.61,27.46,27.98,27.25,1.60M,0.88%
13-Feb-18,27.37,27.16,27.45,27.1,4.51M,0.22%
12-Feb-18,27.31,26.76,27.72,26.76,2.75M,-0.11%
9-Feb-18,27.34,27.26,27.57,26.66,2.75M,-0.04%
8-Feb-18,27.35,28.1,28.26,27.2,5.21M,-2.53%
7-Feb-18,28.06,28.23,28.31,27.75,6.73M,-1.09%
6-Feb-18,28.37,28.13,28.85,27.51,10.30M,-0.87%
2-Feb-18,28.62,28.94,29.21,28.5,4.22M,-1.72%
1-Feb-18,29.12,29.13,29.39,28.5,4.02M,-0.61%
31-Jan-18,29.3,29.26,30.31,29,4.87M,0.03%
30-Jan-18,29.29,29.58,29.58,29,3.00M,-2.69%
29-Jan-18,30.1,30.03,30.6,29.5,3.32M,0.23%
26-Jan-18,30.03,29.75,30.26,29.7,4.05M,0.33%
25-Jan-18,29.93,28.82,30.02,28.77,4.11M,4.10%
24-Jan-18,28.75,28.4,28.88,28.29,3.26M,0.45%
23-Jan-18,28.62,28.5,28.71,28.26,2.76M,-0.10%
22-Jan-18,28.65,28.73,29,28.59,4.71M,-0.17%
19-Jan-18,28.7,28.72,28.81,28.55,1.52M,-0.07%
18-Jan-18,28.72,28.72,28.81,28.42,2.90M,-0.10%
17-Jan-18,28.75,28.85,29.1,28.65,5.17M,-0.10%
16-Jan-18,28.78,29.11,29.11,28.12,5.18M,-1.17%
15-Jan-18,29.12,29.15,29.29,29.08,605.10K,-0.03%
12-Jan-18,29.13,28.9,29.28,28.71,3.40M,0.55%
11-Jan-18,28.97,28.98,29.5,28.7,4.51M,-0.28%
10-Jan-18,29.05,29.43,29.45,28.7,3.87M,-0.55%
9-Jan-18,29.21,29.58,29.58,28.97,2.52M,-0.78%
8-Jan-18,29.44,29.64,29.68,29.41,2.68M,0.20%
5-Jan-18,29.38,29.71,29.8,29.21,5.16M,-0.74%
4-Jan-18,29.6,29.46,29.83,29.44,4.22M,0.51%
3-Jan-18,29.45,29.51,29.64,28.96,3.61M,-0.24%
2-Jan-18,29.52,28.85,29.9,28.67,2.70M,2.75%
29-Dec-17,28.73,27.85,28.8,27.85,1.92M,3.38%
28-Dec-17,27.79,27.85,27.85,27.51,1.21M,0.51%
27-Dec-17,27.65,28.22,28.22,27.61,1.95M,-1.99%
26-Dec-17,28.21,28.01,28.46,27.95,1.18M,0.50%
22-Dec-17,28.07,28.25,28.3,28.01,1.55M,-1.47%
21-Dec-17,28.49,29.4,29.5,28.4,5.92M,-2.80%
20-Dec-17,29.31,29,29.4,28.82,5.54M,1.31%
19-Dec-17,28.93,28.5,29.59,28.38,9.60M,1.83%
18-Dec-17,28.41,28.14,28.49,27.86,3.17M,1.79%
15-Dec-17,27.91,27.99,28.13,27.61,10.40M,0.22%
14-Dec-17,27.85,28.85,28.85,27.65,7.02M,-2.72%
13-Dec-17,28.63,29.74,29.82,28.5,6.39M,-2.39%
11-Dec-17,29.33,29.54,29.54,29.12,2.36M,-0.41%
8-Dec-17,29.45,29.19,29.56,29.12,3.97M,0.48%
7-Dec-17,29.31,29.09,29.47,29.07,4.87M,0.90%
6-Dec-17,29.05,29.09,29.49,28.76,9.07M,-0.14%
5-Dec-17,29.09,29.28,29.33,28.87,3.92M,-0.95%
4-Dec-17,29.37,29.84,30.02,29.3,2.42M,-1.18%
1-Dec-17,29.72,30.12,30.6,29.66,3.18M,-1.69%
30-Nov-17,30.23,30.65,30.85,30.13,10.39M,-1.53%
29-Nov-17,30.7,30.63,30.96,30.26,5.00M,0.92%
28-Nov-17,30.42,30.35,30.64,30.2,10.30M,0.23%
27-Nov-17,30.35,30.33,32.1,30.24,3.89M,0.07%
24-Nov-17,30.33,30.8,30.97,30.04,1.33M,-1.43%
23-Nov-17,30.77,30.75,31.15,30.7,275.16K,-0.06%
22-Nov-17,30.79,30.75,31.24,30.73,3.89M,0.39%
21-Nov-17,30.67,30.92,31,30.53,8.27M,-1.06%
17-Nov-17,31,30.99,31.15,30.82,4.52M,0.16%
16-Nov-17,30.95,30.87,31.23,30.8,4.08M,0.03%
15-Nov-17,30.94,30.85,31.2,30.57,3.70M,-0.10%
14-Nov-17,30.97,30.61,31.24,30.61,4.98M,0.23%
13-Nov-17,30.9,30.93,31.1,30.58,3.58M,-0.26%
10-Nov-17,30.98,31.3,31.75,30.83,4.17M,-1.27%
9-Nov-17,31.38,31.36,31.7,31.02,3.80M,0.32%
8-Nov-17,31.28,31.19,31.77,31.1,6.44M,0.00%
7-Nov-17,31.28,31.55,31.55,31.24,3.32M,-0.86%
6-Nov-17,31.55,32.13,32.13,31.19,7.79M,-1.56%
3-Nov-17,32.05,31.89,32.1,30.99,3.14M,1.55%
1-Nov-17,31.56,32.37,32.38,31.44,3.67M,-2.26%
31-Oct-17,32.29,32.68,32.86,32.13,3.83M,-1.16%
30-Oct-17,32.67,33.3,33.3,32.55,2.25M,-0.64%
27-Oct-17,32.88,33.09,33.2,32.81,4.13M,0.89%
26-Oct-17,32.59,33.5,34.3,32.46,5.45M,-4.29%
25-Oct-17,34.05,34.23,34.47,33.78,3.91M,-0.87%
24-Oct-17,34.35,34.06,34.66,34.06,2.63M,1.03%
23-Oct-17,34,34.28,34.28,33.95,1.84M,-0.56%
20-Oct-17,34.19,33.88,34.54,33.88,9.24M,1.21%
19-Oct-17,33.78,33.88,33.88,33.43,3.13M,-0.76%
18-Oct-17,34.04,34.26,34.47,33.88,2.93M,-0.76%
17-Oct-17,34.3,35.3,35.3,33.73,6.17M,-2.72%
16-Oct-17,35.26,36.01,36.19,35.1,5.57M,-2.06%
13-Oct-17,36,35.71,36.3,35.71,4.68M,0.59%
12-Oct-17,35.79,35.71,35.94,35.53,4.02M,0.87%
11-Oct-17,35.48,35.57,35.9,35.35,2.41M,-0.22%
10-Oct-17,35.56,35.7,36.04,35.48,3.46M,-0.92%
9-Oct-17,35.89,37.09,37.09,35.47,2.25M,-0.33%
6-Oct-17,36.01,36.55,36.62,35.92,2.94M,-1.34%
5-Oct-17,36.5,36.85,36.94,35.97,2.90M,-0.82%
4-Oct-17,36.8,36.94,36.98,36.75,1.93M,-0.16%
3-Oct-17,36.86,36.9,36.98,36.77,1.97M,0.16%
2-Oct-17,36.8,36.75,37.04,36.63,2.38M,-0.46%
29-Sep-17,36.97,36.41,37.05,36.41,4.13M,1.32%
28-Sep-17,36.49,36.13,36.73,36.13,4.78M,0.75%
27-Sep-17,36.22,35.9,36.45,35.88,6.57M,0.89%
26-Sep-17,35.9,35.34,36.05,35.34,5.53M,1.41%
25-Sep-17,35.4,35.53,35.68,35.09,5.88M,-0.34%
22-Sep-17,35.52,35.4,35.71,35.4,2.05M,-0.48%
21-Sep-17,35.69,35.41,35.79,35.39,3.16M,1.28%
20-Sep-17,35.24,35.18,35.29,35.01,5.46M,0.11%
19-Sep-17,35.2,35.53,35.53,34.63,3.55M,-0.71%
18-Sep-17,35.45,36.18,36.28,35.35,2.37M,-1.75%
15-Sep-17,36.08,36.39,36.53,35.94,8.34M,-0.61%
14-Sep-17,36.3,36.7,36.83,35.95,2.60M,-0.82%
13-Sep-17,36.6,36.93,36.93,36.4,1.62M,0.36%
12-Sep-17,36.47,36.8,37.01,36.42,1.79M,-0.73%
11-Sep-17,36.74,36.26,36.83,36.02,2.05M,2.43%
8-Sep-17,35.87,36.25,36.25,35.5,3.01M,0.14%
7-Sep-17,35.82,36.83,37.37,35.71,2.99M,-2.98%
6-Sep-17,36.92,37.05,37.31,36.75,2.33M,0.71%
5-Sep-17,36.66,36.75,36.84,36.32,1.76M,0.00%
4-Sep-17,36.66,36.53,36.94,36.51,49.51K,-0.76%
1-Sep-17,36.94,36.87,37.35,36.75,2.33M,0.30%
31-Aug-17,36.83,36.96,37.28,36.2,4.15M,-0.35%
30-Aug-17,36.96,37.73,38.08,36.64,2.21M,-2.27%
29-Aug-17,37.82,38.07,38.41,37.61,1.33M,-0.47%
28-Aug-17,38,38.42,38.6,37.65,2.03M,0.13%
25-Aug-17,37.95,38,38.05,37.7,1.24M,0.93%
24-Aug-17,37.6,37.87,38.14,37.48,2.08M,-0.77%
23-Aug-17,37.89,38.5,38.5,37.68,3.33M,0.11%
22-Aug-17,37.85,37.77,38.12,37.68,1.65M,0.37%
21-Aug-17,37.71,37.41,38.07,37.3,1.32M,0.61%
18-Aug-17,37.48,37.54,37.78,37.4,1.46M,0.00%
17-Aug-17,37.48,37.73,37.85,37.42,1.58M,-1.50%
16-Aug-17,38.05,38.1,38.35,37.66,2.63M,0.05%
15-Aug-17,38.03,37.71,38.12,37.53,2.37M,0.88%
14-Aug-17,37.7,37.1,38.07,37.1,970.34K,1.48%
11-Aug-17,37.15,37.29,37.69,36.82,2.47M,-0.88%
10-Aug-17,37.48,37.5,37.74,37.15,2.73M,-0.11%
9-Aug-17,37.52,37.74,37.74,36.97,1.27M,-0.03%
8-Aug-17,37.53,37.98,37.98,37.49,1.09M,-0.21%
7-Aug-17,37.61,37.78,37.98,37.45,3.33M,0.45%
4-Aug-17,37.44,37.78,37.86,37.38,1.48M,-0.27%
3-Aug-17,37.54,37.73,37.75,37.43,2.14M,0.29%
2-Aug-17,37.43,37.5,37.78,37.2,3.28M,0.32%
1-Aug-17,37.31,36.72,37.61,36.72,3.61M,2.05%
31-Jul-17,36.56,35.77,36.65,35.63,11.27M,2.09%
28-Jul-17,35.81,37.49,37.49,34.7,5.21M,-2.77%
27-Jul-17,36.83,36.88,37.13,36.6,1.66M,-0.32%
26-Jul-17,36.95,36.37,37.56,36.37,2.47M,-1.10%
25-Jul-17,37.36,37.07,37.47,36.59,2.50M,1.97%
24-Jul-17,36.64,37.37,37.37,36.29,2.20M,-1.95%
21-Jul-17,37.37,37.27,37.59,37.02,2.38M,0.65%
20-Jul-17,37.13,36.7,37.63,36.69,2.71M,2.17%
19-Jul-17,36.34,36.26,36.6,36.04,1.83M,0.41%
18-Jul-17,36.19,35.83,36.5,35.69,2.55M,1.00%
17-Jul-17,35.83,35.54,35.93,35.37,4.33M,1.07%
14-Jul-17,35.45,35.75,36.08,35.13,3.69M,-0.73%
13-Jul-17,35.71,36,36,35.37,5.37M,-0.67%
12-Jul-17,35.95,35.48,36,35.04,5.39M,2.57%
11-Jul-17,35.05,35.01,35.43,34.94,3.61M,-0.09%
10-Jul-17,35.08,34.62,35.29,34.62,1.78M,1.01%
7-Jul-17,34.73,34.72,34.89,34.27,2.42M,-0.60%
6-Jul-17,34.94,35.26,35.27,34.65,2.85M,-0.60%
5-Jul-17,35.15,35.31,35.95,34.97,2.61M,-1.87%
4-Jul-17,35.82,35.74,35.87,35.45,289.64K,0.08%
3-Jul-17,35.79,35.2,35.81,35.02,1.74M,1.99%
30-Jun-17,35.09,34.5,35.12,34.32,1.32M,1.71%
29-Jun-17,34.5,34.95,35.31,34.24,1.90M,-0.81%
28-Jun-17,34.78,34.7,35.21,34.35,3.24M,-0.17%
27-Jun-17,34.84,34.53,35,34.22,2.43M,0.72%
26-Jun-17,34.59,34.28,34.94,34.24,2.86M,0.12%
23-Jun-17,34.55,34.92,34.92,34.35,1.76M,-0.20%
22-Jun-17,34.62,34.9,34.9,34.52,1.91M,-0.26%
21-Jun-17,34.71,35.31,35.31,34.47,2.60M,-1.84%
20-Jun-17,35.36,35.48,35.5,34.76,1.36M,-0.51%
19-Jun-17,35.54,34.72,35.58,34.72,3.52M,2.07%
16-Jun-17,34.82,35.45,35.45,34.61,13.82M,-1.19%
15-Jun-17,35.24,35.18,35.4,34.82,1.50M,0.26%
14-Jun-17,35.15,34.91,35.44,34,2.45M,0.69%
13-Jun-17,34.91,34.31,35,33.95,2.31M,1.87%
12-Jun-17,34.27,34.12,34.39,33.53,4.50M,0.88%
9-Jun-17,33.97,33.73,34.28,33.53,1.76M,-0.21%
8-Jun-17,34.04,33.9,35.04,33.56,1.85M,-1.02%
7-Jun-17,34.39,34.26,34.44,33.5,2.73M,0.79%
6-Jun-17,34.12,34.44,34.45,33.76,2.57M,-0.18%
5-Jun-17,34.18,33.75,34.42,33.34,2.26M,0.44%
2-Jun-17,34.03,34.49,34.51,33.85,1.86M,-1.42%
1-Jun-17,34.52,34.18,34.69,34.18,3.07M,1.11%
31-May-17,34.14,34.9,35.1,33.94,7.72M,-1.67%
30-May-17,34.72,34.73,35.49,34.37,3.52M,1.61%
29-May-17,34.17,33.75,34.85,33.75,313.29K,-1.04%
26-May-17,34.53,34.18,34.76,34.18,929.77K,0.55%
25-May-17,34.34,34.35,34.55,34.05,2.10M,-1.60%
24-May-17,34.9,35.49,35.49,34.51,3.97M,0.84%
23-May-17,34.61,34.39,35.08,34.39,2.93M,0.00%
22-May-17,34.61,35.05,35.12,34.25,2.48M,-1.00%
19-May-17,34.96,33.89,35.67,33.88,5.16M,3.52%
18-May-17,33.77,34.09,34.2,33.15,2.57M,-0.32%
17-May-17,33.88,33.45,34.62,33.45,2.51M,-1.83%
16-May-17,34.51,34.61,35.02,34.16,3.41M,-0.66%
15-May-17,34.74,34.41,35,34.3,1.55M,0.93%
12-May-17,34.42,33.98,34.63,33.9,2.07M,0.82%
11-May-17,34.14,34.63,34.69,34.04,2.38M,-2.29%
10-May-17,34.94,34.07,35.46,34.07,2.20M,-0.09%
9-May-17,34.97,34.8,35.2,34.74,3.37M,0.87%
8-May-17,34.67,35.43,35.54,34.6,2.95M,-2.01%
5-May-17,35.38,34.88,35.43,34.72,2.78M,1.23%
4-May-17,34.95,33.19,35.12,33.19,3.35M,3.19%
3-May-17,33.87,33.94,34.29,33.81,2.39M,-0.29%
2-May-17,33.97,34.2,34.41,33.86,1.76M,-0.67%
28-Apr-17,34.2,34.89,34.89,33.96,3.69M,-0.96%
27-Apr-17,34.53,35.5,35.5,34.27,4.25M,-0.69%
26-Apr-17,34.77,35.94,36.01,34.42,4.32M,-3.09%
25-Apr-17,35.88,35.5,35.96,35.33,3.64M,1.47%
24-Apr-17,35.36,34.52,35.43,34.26,2.21M,3.70%
21-Apr-17,34.1,34.03,34.44,33.76,2.86M,0.38%
20-Apr-17,33.97,34.2,34.53,33.64,2.41M,-0.18%
19-Apr-17,34.03,33.96,34.21,33.6,2.99M,0.53%
18-Apr-17,33.85,33.64,34.12,33.47,2.44M,0.68%
17-Apr-17,33.62,32.82,33.68,32.77,3.01M,2.34%
12-Apr-17,32.85,33.7,33.7,32.77,2.72M,-1.20%
11-Apr-17,33.25,33.21,33.53,32.93,2.19M,0.03%
10-Apr-17,33.24,33.59,33.69,32.9,1.16M,-1.42%
7-Apr-17,33.72,33.2,33.8,32.89,1.40M,1.57%
6-Apr-17,33.2,33.51,33.64,33.06,908.37K,-0.75%
5-Apr-17,33.45,32.03,33.77,32.03,2.14M,-0.74%
4-Apr-17,33.7,33.81,33.92,33.55,2.69M,-0.06%
3-Apr-17,33.72,34,34.02,33.1,2.78M,-0.41%
31-Mar-17,33.86,34.29,34.36,33.77,3.76M,-1.25%
30-Mar-17,34.29,34,34.68,34,3.83M,0.82%
29-Mar-17,34.01,34.36,34.4,33.61,5.07M,-0.82%
28-Mar-17,34.29,33.57,34.39,33.5,4.24M,2.33%
27-Mar-17,33.51,33.25,33.68,32.93,7.08M,1.03%
24-Mar-17,33.17,31.82,33.24,31.66,4.13M,3.98%
23-Mar-17,31.9,31.35,31.96,31.21,2.94M,1.30%
22-Mar-17,31.49,31.3,31.63,31.16,1.48M,0.03%
21-Mar-17,31.48,31.99,31.99,31.32,3.52M,-0.82%
17-Mar-17,31.74,31.43,31.95,31.18,21.69M,0.89%
16-Mar-17,31.46,30.77,31.56,30.11,5.19M,2.41%
15-Mar-17,30.72,30.53,31.09,30.49,3.71M,0.13%
14-Mar-17,30.68,30.8,31.04,30.2,4.62M,-0.39%
13-Mar-17,30.8,30.28,30.86,30.28,1.53M,1.99%
10-Mar-17,30.2,29.96,30.32,29.84,1.28M,0.77%
9-Mar-17,29.97,29.91,30.13,29.82,1.55M,-0.23%
8-Mar-17,30.04,30.17,30.43,29.91,2.03M,-1.05%
7-Mar-17,30.36,29.62,30.44,29.62,2.30M,0.50%
6-Mar-17,30.21,29.62,30.24,29.51,3.50M,1.27%
3-Mar-17,29.83,30.29,30.29,29.51,2.50M,-0.23%
2-Mar-17,29.9,30.01,30.01,29.72,2.70M,-0.37%
1-Mar-17,30.01,30.97,30.97,29.93,2.15M,-0.46%
28-Feb-17,30.15,30,30.41,29.78,7.61M,0.97%
27-Feb-17,29.86,29.99,29.99,29.2,3.49M,1.05%
24-Feb-17,29.55,29.65,29.77,29.43,2.68M,-1.66%
23-Feb-17,30.05,29.93,30.1,29.71,2.71M,-0.23%
22-Feb-17,30.12,30.33,30.33,30,1.58M,-0.59%
21-Feb-17,30.3,29.9,30.63,29.9,3.58M,2.26%
20-Feb-17,29.63,30.08,30.2,29.52,717.25K,-1.66%
17-Feb-17,30.13,29.26,30.2,29.26,11.62M,1.93%
16-Feb-17,29.56,29.72,29.72,29.3,3.35M,0.20%
15-Feb-17,29.5,29.58,29.99,29.45,7.51M,-0.03%
14-Feb-17,29.51,29.7,29.9,29.4,4.21M,-0.34%
13-Feb-17,29.61,29.89,30.11,29.56,2.85M,-0.90%
10-Feb-17,29.88,29.76,30.14,29.64,5.45M,-0.03%
9-Feb-17,29.89,29.83,30.15,29.57,3.69M,0.17%
8-Feb-17,29.84,30.5,30.5,29.76,4.34M,-2.32%
7-Feb-17,30.55,29.51,30.65,29.51,11.52M,3.59%
3-Feb-17,29.49,29.56,29.74,29.45,1.63M,0.00%
2-Feb-17,29.49,29.46,29.7,29.2,2.38M,-0.61%
1-Feb-17,29.67,29.83,29.95,29.28,4.85M,-0.24%
31-Jan-17,29.74,29.46,29.82,29.25,5.14M,0.78%
30-Jan-17,29.51,29.68,29.68,29.15,6.55M,-0.57%
27-Jan-17,29.68,29.88,29.96,29.59,8.14M,-0.17%
26-Jan-17,29.73,30.3,30.3,29.52,3.74M,-0.44%
25-Jan-17,29.86,30.28,30.81,29.77,7.26M,-0.67%
24-Jan-17,30.06,30.15,30.23,29.92,13.74M,0.54%
23-Jan-17,29.9,29.84,30.2,29.8,3.84M,0.23%
20-Jan-17,29.83,30.44,30.49,29.77,2.81M,-1.78%
19-Jan-17,30.37,30.96,30.96,30.2,2.77M,-1.65%
18-Jan-17,30.88,31.15,31.15,30.65,4.40M,0.19%
17-Jan-17,30.82,30.95,31.07,30.75,3.70M,1.31%
16-Jan-17,30.42,31,31,30.31,397.89K,-1.71%
13-Jan-17,30.95,31.35,31.8,30.75,8.30M,-1.15%
12-Jan-17,31.31,30.4,31.81,30.33,4.20M,2.79%
11-Jan-17,30.46,30.72,30.92,30.22,2.82M,-0.85%
10-Jan-17,30.72,30.27,31.04,30.26,2.04M,1.52%
9-Jan-17,30.26,30.75,30.75,29.67,3.43M,-2.36%
6-Jan-17,30.99,31.95,31.95,30.86,4.47M,-3.34%
5-Jan-17,32.06,31.35,32.2,31.3,5.30M,1.49%
4-Jan-17,31.59,30.8,31.67,30.73,4.83M,3.20%
3-Jan-17,30.61,30.19,30.74,30.06,5.92M,1.56%
2-Jan-17,30.14,29.77,30.27,29.42,251.11K,1.04%
30-Dec-16,29.83,29.63,29.93,29.49,1.32M,0.71%
29-Dec-16,29.62,29.23,29.78,29.18,1.47M,1.33%
28-Dec-16,29.23,29.45,29.45,28.86,1.43M,-0.14%
27-Dec-16,29.27,29.9,29.9,29.15,2.22M,-5.61%
26-Dec-16,31.01,31.08,31.1,30.55,70.85K,0.19%
23-Dec-16,30.95,30.72,31.16,30.31,2.36M,1.64%
22-Dec-16,30.45,29.6,30.6,29.23,5.18M,2.70%
21-Dec-16,29.65,29.4,29.74,29.2,3.64M,0.17%
20-Dec-16,29.6,29.88,30.01,29.55,2.96M,-1.56%
19-Dec-16,30.07,30.17,30.6,30,2.25M,-1.09%
16-Dec-16,30.4,29.9,30.6,29.9,6.59M,1.67%
15-Dec-16,29.9,30.29,30.32,29.68,2.28M,-1.29%
14-Dec-16,30.29,31.07,31.09,30.15,3.12M,-2.67%
13-Dec-16,31.12,31.07,31.6,30.84,4.07M,0.65%
9-Dec-16,30.92,31.68,31.68,30.1,4.42M,-2.40%
8-Dec-16,31.68,30.18,31.86,30.18,6.88M,5.49%
7-Dec-16,30.03,29.35,30.1,29.35,5.96M,2.25%
6-Dec-16,29.37,28.82,29.44,28.82,6.02M,2.12%
5-Dec-16,28.76,28.33,28.83,28.31,6.28M,1.70%
2-Dec-16,28.28,28.11,28.67,28.08,9.73M,0.46%
1-Dec-16,28.15,29.48,29.48,27.92,5.19M,-2.56%
30-Nov-16,28.89,29.16,29.25,28.63,6.80M,0.07%
29-Nov-16,28.87,28.99,29.03,28.59,4.87M,-0.38%
28-Nov-16,28.98,29.6,29.64,28.9,3.76M,-2.52%
25-Nov-16,29.73,29.81,30,29.33,1.60M,-0.27%
24-Nov-16,29.81,30.07,30.23,29.65,542.70K,-0.70%
23-Nov-16,30.02,30.34,30.38,29.65,4.36M,-0.86%
22-Nov-16,30.28,30,30.73,30,9.57M,1.34%
18-Nov-16,29.88,30.1,30.2,29.62,12.70M,-0.03%
17-Nov-16,29.89,30,30.24,29.65,4.77M,-0.33%
16-Nov-16,29.99,29.56,30.16,29.56,7.26M,0.60%
15-Nov-16,29.81,29.99,30.28,29.68,8.87M,-0.40%
14-Nov-16,29.93,28.78,30.37,28.78,6.93M,3.46%
11-Nov-16,28.93,30.5,30.96,28.61,7.45M,-3.60%
10-Nov-16,30.01,33.22,33.59,29.82,8.09M,-8.53%
9-Nov-16,32.81,32.67,34.69,32.67,6.67M,-3.64%
8-Nov-16,34.05,34.02,34.48,33.49,5.49M,0.12%
7-Nov-16,34.01,32.64,34.46,32.58,10.14M,5.29%
4-Nov-16,32.3,32.74,33,32.18,4.50M,-0.31%
3-Nov-16,32.4,33.27,33.36,32.32,5.84M,-2.14%
1-Nov-16,33.11,34.33,34.47,32.83,7.18M,-3.22%
31-Oct-16,34.21,34.47,34.52,33.98,2.96M,-0.35%
28-Oct-16,34.33,34.74,34.75,33.91,3.73M,-1.01%
27-Oct-16,34.68,34.46,34.9,34.46,6.35M,1.02%
26-Oct-16,34.33,34.14,34.46,34.01,2.33M,0.53%
25-Oct-16,34.15,34.12,34.5,34,2.90M,-0.15%
24-Oct-16,34.2,34.46,34.53,34.01,1.42M,-0.44%
21-Oct-16,34.35,33.92,34.6,33.92,1.96M,0.82%
20-Oct-16,34.07,34.51,34.65,34,1.20M,-0.90%
19-Oct-16,34.38,34.33,34.49,34.15,2.68M,0.29%
18-Oct-16,34.28,34,34.38,33.77,5.37M,1.75%
17-Oct-16,33.69,33.76,33.84,33.45,1.58M,0.27%
14-Oct-16,33.6,33.45,33.89,33.4,3.38M,1.11%
13-Oct-16,33.23,33.6,33.65,33.07,5.56M,-1.39%
12-Oct-16,33.7,33.96,34.08,33.43,2.90M,-0.94%
11-Oct-16,34.02,34.29,34.64,33.92,3.55M,-1.79%
10-Oct-16,34.64,34.12,34.94,34.07,3.76M,0.26%
7-Oct-16,34.55,35,35.52,34.26,3.67M,-1.37%
6-Oct-16,35.03,34.3,35.11,34.3,6.43M,0.40%
5-Oct-16,34.89,34.22,34.99,34.22,2.53M,1.69%
4-Oct-16,34.31,34.36,34.61,33.96,5.11M,-0.23%
3-Oct-16,34.39,34.9,34.9,33.86,3.41M,1.03%
30-Sep-16,34.04,34.48,34.49,33.93,4.81M,-0.29%
29-Sep-16,34.14,34.62,35.31,33.97,4.04M,-1.53%
28-Sep-16,34.67,34.21,34.86,34.18,2.16M,1.20%
27-Sep-16,34.26,33.27,34.39,32.88,4.70M,2.24%
26-Sep-16,33.51,33.31,33.63,32.86,5.62M,0.45%
23-Sep-16,33.36,34.25,34.25,32.49,6.98M,-3.36%
22-Sep-16,34.52,34.49,34.71,33.92,3.49M,1.17%
21-Sep-16,34.12,33.82,34.35,33.47,4.60M,2.03%
20-Sep-16,33.44,33.54,33.69,33.06,3.89M,0.03%
19-Sep-16,33.43,33.9,33.96,33.3,4.15M,-1.39%
15-Sep-16,33.9,33.54,34,33.24,6.98M,0.86%
14-Sep-16,33.61,34.58,34.67,33.25,3.65M,-2.83%
13-Sep-16,34.59,34.94,35.23,34.39,4.64M,-0.46%
12-Sep-16,34.75,35.03,35.54,34.37,5.37M,-2.33%
9-Sep-16,35.58,35.75,36.07,35.17,6.53M,-0.14%
8-Sep-16,35.63,35.23,35.72,35.05,1.54M,0.62%
7-Sep-16,35.41,35.05,35.47,34.9,2.79M,1.14%
6-Sep-16,35.01,36,36,34.85,2.81M,-2.75%
5-Sep-16,36,36.07,36.07,35.73,98.60K,0.53%
2-Sep-16,35.81,35,36.04,34.99,1.16M,-0.44%
1-Sep-16,35.97,36.14,36.25,35.78,5.60M,0.25%
31-Aug-16,35.88,35.9,36.29,35.72,3.74M,-0.28%
30-Aug-16,35.98,36.02,36.02,35.6,2.17M,0.36%
29-Aug-16,35.85,35.75,36.44,35.73,1.79M,0.82%
26-Aug-16,35.56,35.65,35.75,34.93,3.71M,0.59%
25-Aug-16,35.35,35.25,35.86,35.01,1.84M,0.26%
24-Aug-16,35.26,35.06,35.46,35.02,3.98M,0.43%
23-Aug-16,35.11,35.14,35.15,34.65,4.79M,1.80%
22-Aug-16,34.49,34.16,34.61,33.96,1.70M,-0.81%
19-Aug-16,34.77,35.01,35.06,34.62,1.48M,0.06%
18-Aug-16,34.75,34.65,35,34.4,2.94M,0.35%
17-Aug-16,34.63,35,35.27,34.57,2.58M,-1.48%
16-Aug-16,35.15,36.54,36.54,35,3.03M,-3.17%
15-Aug-16,36.3,36.19,36.5,35.52,3.92M,1.34%
12-Aug-16,35.82,35.94,36.06,35.44,1.77M,-0.39%
11-Aug-16,35.96,35.5,36,35.14,3.85M,1.30%
10-Aug-16,35.5,35.99,35.99,34.88,1.63M,0.45%
9-Aug-16,35.34,34.43,35.77,34.18,2.53M,2.61%
8-Aug-16,34.44,34.71,35.03,34.16,2.01M,-0.86%
5-Aug-16,34.74,34.55,34.85,34.36,1.82M,1.40%
4-Aug-16,34.26,34.7,34.7,34.02,3.33M,-1.27%
3-Aug-16,34.7,33.91,35.05,33.91,2.17M,0.67%
2-Aug-16,34.47,34.06,34.65,33.87,2.22M,1.06%
1-Aug-16,34.11,34.5,34.54,34.03,729.32K,-0.15%
29-Jul-16,34.16,34.03,34.56,34.03,4.02M,-0.87%
28-Jul-16,34.46,34.12,34.55,33.98,4.23M,0.97%
27-Jul-16,34.13,34.62,35.09,33.9,6.96M,-1.30%
26-Jul-16,34.58,34.75,34.99,34.47,3.58M,-0.58%
25-Jul-16,34.78,34.64,35.05,34.55,2.06M,0.26%
22-Jul-16,34.69,34.48,34.85,34.43,1.57M,0.64%
21-Jul-16,34.47,34.5,35.09,34.35,2.76M,-0.14%
20-Jul-16,34.52,34,35.08,34,2.39M,0.70%
19-Jul-16,34.28,34,34.68,34,2.92M,-0.26%
18-Jul-16,34.37,34.88,34.92,34.26,2.52M,-1.66%
15-Jul-16,34.95,35,35.2,34.37,2.32M,0.23%
14-Jul-16,34.87,34.65,34.99,34.65,3.01M,0.78%
13-Jul-16,34.6,34.38,34.69,34.2,4.93M,0.35%
12-Jul-16,34.48,34.56,34.97,34.39,2.63M,-0.09%
11-Jul-16,34.51,34.65,35.05,34.43,1.82M,0.32%
8-Jul-16,34.4,34.43,35.04,34.25,6.57M,-1.49%
7-Jul-16,34.92,34.8,35,34.43,10.41M,0.81%
6-Jul-16,34.64,34.19,34.72,33.65,4.32M,0.81%
5-Jul-16,34.36,33.88,34.5,33.7,4.47M,1.48%
4-Jul-16,33.86,34.43,34.62,33.83,576.47K,-2.59%
1-Jul-16,34.76,33.29,34.86,32.88,3.40M,4.89%
30-Jun-16,33.14,32.62,33.37,32.62,5.42M,1.59%
29-Jun-16,32.62,32.12,32.85,31.85,4.68M,2.48%
28-Jun-16,31.83,31.84,32.03,31.38,2.24M,1.66%
27-Jun-16,31.31,31.51,31.51,30.82,3.78M,-0.92%
24-Jun-16,31.6,32.18,32.65,31.32,3.90M,-4.33%
23-Jun-16,33.03,33.29,33.3,32.65,2.97M,0.64%
22-Jun-16,32.82,33.34,33.6,32.74,2.43M,-0.97%
21-Jun-16,33.14,32.44,33.31,32.44,6.63M,0.49%
20-Jun-16,32.98,33,33.45,32.77,1.97M,0.58%
17-Jun-16,32.79,33.57,33.57,32.4,3.65M,0.58%
16-Jun-16,32.6,32.25,32.67,32.2,2.75M,-0.55%
15-Jun-16,32.78,33.01,33.24,32.73,995.73K,-0.58%
14-Jun-16,32.97,34.94,34.94,32.9,3.25M,-5.18%
13-Jun-16,34.77,34.85,35.34,34.32,8.38M,-0.23%
10-Jun-16,34.85,34.35,35.02,34.1,7.30M,0.26%
9-Jun-16,34.76,34.6,34.95,34.4,11.08M,0.14%
8-Jun-16,34.71,33.36,34.84,33.36,6.48M,2.91%
7-Jun-16,33.73,33.47,34.04,33.47,1.46M,-0.50%
6-Jun-16,33.9,33.47,34.04,33.47,1.23M,1.19%
3-Jun-16,33.5,34.5,34.5,33.3,9.84M,-1.87%
2-Jun-16,34.14,33.59,34.31,33.4,5.49M,2.25%
1-Jun-16,33.39,33.07,33.5,33,3.01M,0.12%
31-May-16,33.35,32.87,33.45,32.87,9.46M,1.68%
30-May-16,32.8,32.43,33.08,32.43,660.75K,-0.18%
27-May-16,32.86,34,34,32.47,4.21M,0.77%
26-May-16,32.61,32.59,32.72,32.16,4.15M,0.22%
25-May-16,32.54,32.04,32.83,32.04,2.33M,1.34%
24-May-16,32.11,32.39,32.45,31.81,1.83M,-0.09%
23-May-16,32.14,31.69,32.23,31.57,1.70M,0.88%
20-May-16,31.86,32.3,32.79,31.81,1.77M,-0.90%
19-May-16,32.15,32.54,32.68,31.96,3.77M,-2.01%
18-May-16,32.81,34,34.19,32.64,3.87M,-3.22%
17-May-16,33.9,34.44,34.48,33.7,3.34M,-1.22%
16-May-16,34.32,33.73,34.48,33.73,2.89M,1.87%
13-May-16,33.69,33.36,33.94,33.06,3.69M,0.96%
12-May-16,33.37,33.39,33.65,33.09,2.95M,0.60%
11-May-16,33.17,32.67,33.25,32.34,5.00M,1.47%
10-May-16,32.69,31.11,32.77,31.11,3.58M,1.93%
9-May-16,32.07,31.7,32.44,31.65,4.11M,1.07%
6-May-16,31.73,30.31,31.99,30.31,3.52M,3.19%
5-May-16,30.75,30.75,31.03,30.53,3.17M,-0.26%
4-May-16,30.83,30.52,31.16,30.29,3.93M,-0.19%
3-May-16,30.89,30.86,31.06,30.4,4.58M,0.06%
2-May-16,30.87,31.51,31.51,30.57,5.09M,-2.09%
29-Apr-16,31.53,31.5,31.87,31.31,2.53M,-0.79%
28-Apr-16,31.78,32.34,32.56,31.62,5.84M,-1.73%
27-Apr-16,32.34,31.7,32.46,31.57,8.86M,2.08%
26-Apr-16,31.68,31.75,31.89,31.47,2.43M,-0.60%
25-Apr-16,31.87,32.28,32.31,31.72,3.16M,-0.62%
22-Apr-16,32.07,32.18,32.27,31.92,2.07M,-0.19%
21-Apr-16,32.13,31.75,32.2,31.75,2.58M,1.01%
20-Apr-16,31.81,31.41,31.97,31.21,2.79M,0.89%
19-Apr-16,31.53,31.16,32.05,31.16,4.02M,1.19%
18-Apr-16,31.16,30.83,31.47,30.6,4.00M,1.07%
15-Apr-16,30.83,30.59,30.89,30.59,2.26M,0.78%
14-Apr-16,30.59,31.08,31.08,30.55,3.73M,-1.26%
13-Apr-16,30.98,30.99,31.02,30.5,2.73M,1.57%
12-Apr-16,30.5,30.3,30.59,29.98,2.98M,1.33%
11-Apr-16,30.1,30.08,30.58,29.92,2.27M,0.77%
8-Apr-16,29.87,29.84,30.08,29.71,2.08M,1.53%
7-Apr-16,29.42,30.25,30.4,29.25,3.96M,-2.81%
6-Apr-16,30.27,30.19,30.33,29.62,3.37M,1.27%
5-Apr-16,29.89,29.52,30.53,29.52,2.97M,-0.96%
4-Apr-16,30.18,31.31,31.31,29.77,6.06M,-2.52%
1-Apr-16,30.96,31.35,31.35,30.67,4.03M,-1.24%
31-Mar-16,31.35,31.55,31.65,31.12,4.42M,-0.98%
30-Mar-16,31.66,32.13,32.13,31.54,5.49M,1.51%
29-Mar-16,31.19,31.14,31.61,31.01,4.17M,0.26%
28-Mar-16,31.11,31.3,31.48,30.88,2.89M,-0.13%
23-Mar-16,31.15,31.5,31.5,30.73,2.36M,0.39%
22-Mar-16,31.03,31.03,31.36,30.89,2.95M,0.10%
18-Mar-16,31,30.94,31.69,30.8,12.93M,-0.03%
17-Mar-16,31.01,29.87,31.6,29.83,9.86M,2.85%
16-Mar-16,30.15,30.01,30.46,29.68,3.31M,-1.24%
15-Mar-16,30.53,30.36,30.64,30.16,3.50M,0.46%
14-Mar-16,30.39,30.37,30.64,30.01,1.16M,0.16%
11-Mar-16,30.34,30.24,30.64,30,2.78M,1.30%
10-Mar-16,29.95,30.21,30.48,29.53,2.45M,-1.12%
9-Mar-16,30.29,30.2,30.48,30,3.12M,0.36%
8-Mar-16,30.18,30.29,30.31,29.67,3.83M,-0.53%
7-Mar-16,30.34,30.87,30.87,30.16,2.05M,-0.03%
4-Mar-16,30.35,30.58,30.72,30.29,4.71M,-0.95%
3-Mar-16,30.64,30.74,30.83,30.45,5.52M,0.36%
2-Mar-16,30.53,29.79,30.78,29.68,6.71M,3.11%
1-Mar-16,29.61,29.45,29.72,28.6,3.65M,1.89%
29-Feb-16,29.06,28.8,29.26,28.36,6.16M,0.97%
26-Feb-16,28.78,28.84,28.9,28.59,1.30M,1.12%
25-Feb-16,28.46,29.13,29.21,28.26,3.30M,-2.30%
24-Feb-16,29.13,28.72,29.24,27.92,2.70M,1.46%
23-Feb-16,28.71,29.15,29.57,28.65,1.52M,-2.58%
22-Feb-16,29.47,29.2,29.69,29.2,1.75M,2.11%
19-Feb-16,28.86,29.25,29.27,28.65,1.72M,-1.87%
18-Feb-16,29.41,29.11,29.53,28.84,3.89M,1.41%
17-Feb-16,29,28.2,29.15,27.4,10.13M,3.31%
16-Feb-16,28.07,27.7,28.2,27.5,4.33M,1.41%
15-Feb-16,27.68,27.55,27.83,27.4,1.62M,1.73%
12-Feb-16,27.21,26.35,27.5,26.35,13.64M,2.60%
11-Feb-16,26.52,26.9,26.9,26.25,3.39M,-1.16%
10-Feb-16,26.83,26.8,27.06,26.59,3.88M,1.13%
9-Feb-16,26.53,27.25,27.54,26.45,4.35M,-2.64%
8-Feb-16,27.25,28.13,28.13,27.06,5.46M,-2.89%
5-Feb-16,28.06,27.81,28.34,27.69,2.14M,0.72%
4-Feb-16,27.86,27.67,28.24,27.58,4.09M,0.83%
3-Feb-16,27.63,27.88,28.18,27.5,3.42M,-0.43%
2-Feb-16,27.75,27.93,27.98,27.28,4.93M,-0.61%
29-Jan-16,27.92,27.6,28,26.92,7.69M,2.05%
28-Jan-16,27.36,27.42,27.77,27.04,3.99M,-0.07%
27-Jan-16,27.38,27.26,27.78,27.11,4.63M,0.48%
26-Jan-16,27.25,27.18,27.47,26.95,2.12M,-0.04%
25-Jan-16,27.26,27.66,27.66,27.07,1.39M,-1.27%
22-Jan-16,27.61,27.2,27.84,26.9,2.85M,2.79%
21-Jan-16,26.86,26.19,26.96,25.81,4.08M,2.60%
20-Jan-16,26.18,27.03,27.07,26.05,4.67M,-3.00%
19-Jan-16,26.99,27.29,27.56,26.73,4.03M,0.37%
18-Jan-16,26.89,27.09,27.34,26.73,657.15K,-1.83%
15-Jan-16,27.39,27.3,27.5,26.95,6.60M,-0.04%
14-Jan-16,27.4,28,28,27.05,1.86M,-0.33%
13-Jan-16,27.49,27.9,28.05,27.21,2.95M,-0.69%
12-Jan-16,27.68,27.9,27.93,27.48,2.16M,0.14%
11-Jan-16,27.64,28,28.77,27.55,3.51M,-2.16%
8-Jan-16,28.25,28.71,29.09,28.12,2.95M,-0.88%
7-Jan-16,28.5,29,29.13,28.41,3.35M,-3.94%
6-Jan-16,29.67,29.34,29.78,29.17,2.76M,-0.17%
5-Jan-16,29.72,29.59,30.07,29.41,2.87M,0.88%
4-Jan-16,29.46,29.7,29.97,29.31,1.85M,-2.61%
31-Dec-15,30.25,29.92,30.42,29.84,628.37K,-0.10%
30-Dec-15,30.28,30.48,30.48,29.97,2.43M,0.93%
29-Dec-15,30,30.21,30.57,29.92,918.99K,-0.43%
28-Dec-15,30.13,30.35,30.4,29.81,1.43M,0.84%
24-Dec-15,29.88,30,30.49,29.76,793.63K,-0.37%
23-Dec-15,29.99,29.68,30.22,29.53,1.96M,1.11%
22-Dec-15,29.66,29.54,29.87,29.4,3.24M,0.17%
21-Dec-15,29.61,29.89,30.05,29.03,4.16M,-1.00%
18-Dec-15,29.91,30.08,30.08,29.7,8.94M,-0.30%
17-Dec-15,30,30.17,30.31,29.8,2.60M,-0.83%
16-Dec-15,30.25,29.8,30.49,29.38,7.03M,2.54%
15-Dec-15,29.5,29.3,29.72,29.25,9.54M,1.20%
14-Dec-15,29.15,29.48,29.55,29,5.29M,-0.88%
11-Dec-15,29.41,30.21,30.46,29.27,2.46M,-3.83%
10-Dec-15,30.58,30,30.9,29.76,2.91M,1.09%
9-Dec-15,30.25,29.65,30.35,29.65,2.38M,3.14%
8-Dec-15,29.33,30.42,30.42,29.24,5.64M,-3.36%
7-Dec-15,30.35,31,31,30.2,2.98M,-1.84%
4-Dec-15,30.92,31.18,31.35,30.71,6.82M,-0.74%
3-Dec-15,31.15,31.02,31.43,30.75,4.43M,1.50%
2-Dec-15,30.69,31.6,31.74,30.54,6.37M,-2.97%
1-Dec-15,31.63,32.21,32.21,31.45,5.65M,-1.80%
30-Nov-15,32.21,31.91,32.33,31.56,8.85M,0.59%
27-Nov-15,32.02,32.43,32.45,31.58,2.20M,-1.78%
26-Nov-15,32.6,32.21,32.75,32,472.04K,1.81%
25-Nov-15,32.02,32,32.45,31.85,2.07M,-1.17%
24-Nov-15,32.4,32.51,32.51,31.8,1.58M,-0.34%
23-Nov-15,32.51,32.5,32.74,32.4,3.26M,0.00%
20-Nov-15,32.51,32.77,33.33,32.43,3.88M,-0.79%
19-Nov-15,32.77,31.99,33.39,31.62,6.68M,1.99%
18-Nov-15,32.13,31.3,32.2,31.28,2.92M,2.39%
17-Nov-15,31.38,31.41,31.63,31.21,1.61M,0.35%
13-Nov-15,31.27,31.58,31.79,31.17,5.41M,-1.20%
12-Nov-15,31.65,31.7,32.02,30.91,6.11M,-0.44%
11-Nov-15,31.79,32,32.34,31.01,5.18M,-1.46%
10-Nov-15,32.26,30.6,32.32,30.6,4.52M,2.35%
9-Nov-15,31.52,31.37,31.64,31.12,3.42M,0.29%
6-Nov-15,31.43,31.5,31.77,31.06,3.43M,-0.44%
5-Nov-15,31.57,31.4,31.97,31.21,5.91M,1.67%
4-Nov-15,31.05,30.4,31.35,30.36,6.19M,2.14%
3-Nov-15,30.4,30.29,30.6,29.81,7.59M,0.16%
30-Oct-15,30.35,29.57,31.49,29.4,7.49M,2.64%
