Date,Fix_Value(MXN)
3-Jan-12,13.6494
4-Jan-12,13.6742
5-Jan-12,13.762
6-Jan-12,13.7177
7-Jan-12,13.6894
8-Jan-12,13.6435
9-Jan-12,13.605
10-Jan-12,13.5359
11-Jan-12,13.5955
12-Jan-12,13.4284
13-Jan-12,13.3067
14-Jan-12,13.2287
15-Jan-12,13.1807
16-Jan-12,13.1538
17-Jan-12,13.136
18-Jan-12,13.0174
19-Jan-12,13.0008
20-Jan-12,12.9125
21-Jan-12,12.9904
22-Jan-12,13.0443
23-Jan-12,12.8971
24-Jan-12,12.8005
25-Jan-12,12.653
26-Jan-12,12.666
27-Jan-12,12.6852
28-Jan-12,12.7174
29-Jan-12,12.6677
30-Jan-12,12.815
31-Jan-12,12.7038
1-Feb-12,12.7651
2-Feb-12,12.8661
3-Feb-12,12.8263
4-Feb-12,12.7523
5-Feb-12,12.7732
6-Feb-12,12.84
7-Feb-12,12.8145
8-Feb-12,12.8905
9-Feb-12,12.8963
10-Feb-12,12.8432
11-Feb-12,12.8426
12-Feb-12,12.741
13-Feb-12,12.7465
14-Feb-12,12.8255
15-Feb-12,12.9976
16-Feb-12,12.8739
17-Feb-12,12.6896
18-Feb-12,12.6559
19-Feb-12,12.6577
20-Feb-12,12.5545
21-Feb-12,12.7143
22-Feb-12,12.6585
23-Feb-12,12.6698
24-Feb-12,12.644
25-Feb-12,12.6549
26-Feb-12,12.706
27-Feb-12,12.806
28-Feb-12,12.7457
29-Feb-12,12.6619
1-Mar-12,12.7062
2-Mar-12,12.7511
3-Mar-12,12.8057
4-Mar-12,12.8144
5-Mar-12,12.7296
6-Mar-12,12.7617
7-Mar-12,12.7775
8-Mar-12,12.8697
9-Mar-12,12.9654
10-Mar-12,13.1578
11-Mar-12,13.1631
12-Mar-12,13.0336
13-Mar-12,13.167
14-Mar-12,13.2105
15-Mar-12,13.1011
16-Mar-12,13.1792
17-Mar-12,13.2036
18-Mar-12,13.0989
19-Mar-12,13.18
20-Mar-12,13.15
21-Mar-12,13.1567
22-Mar-12,13.1679
23-Mar-12,12.9713
24-Mar-12,13.0099
25-Mar-12,12.9175
26-Mar-12,12.9323
27-Mar-12,12.9963
28-Mar-12,13.18
29-Mar-12,13.1681
30-Mar-12,13.3583
31-Mar-12,13.49
1-Apr-12,13.5043
2-Apr-12,13.5706
3-Apr-12,13.726
4-Apr-12,13.8345
5-Apr-12,13.7658
6-Apr-12,13.8405
7-Apr-12,13.8104
8-Apr-12,13.6891
9-Apr-12,13.8852
10-Apr-12,13.9909
11-Apr-12,14.0075
12-Apr-12,14.0273
13-Apr-12,13.881
14-Apr-12,14.1433
15-Apr-12,14.3635
16-Apr-12,14.309
17-Apr-12,14.2269
18-Apr-12,14.227
19-Apr-12,14.0308
20-Apr-12,14.0696
21-Apr-12,13.9225
22-Apr-12,14.0895
23-Apr-12,13.9846
24-Apr-12,14.035
25-Apr-12,13.8916
26-Apr-12,13.9256
27-Apr-12,13.8391
28-Apr-12,13.683
29-Apr-12,13.7191
30-Apr-12,13.9101
1-May-12,13.8515
2-May-12,13.9194
3-May-12,13.746
4-May-12,13.5555
5-May-12,13.6018
6-May-12,13.3852
7-May-12,13.3345
8-May-12,13.32
9-May-12,13.4095
10-May-12,13.39
11-May-12,13.369
12-May-12,13.3647
13-May-12,13.3039
14-May-12,13.463
15-May-12,13.2973
16-May-12,13.2141
17-May-12,13.1575
18-May-12,13.17
19-May-12,13.2223
20-May-12,13.3598
21-May-12,13.5608
22-May-12,13.7025
23-May-12,13.5973
24-May-12,13.4073
25-May-12,13.2388
26-May-12,13.2704
27-May-12,13.3301
28-May-12,13.378
29-May-12,13.3561
30-May-12,13.125
31-May-12,13.1932
1-Jun-12,13.233
2-Jun-12,13.1464
3-Jun-12,13.0826
4-Jun-12,13.0827
5-Jun-12,13.1468
6-Jun-12,13.1817
7-Jun-12,13.1359
8-Jun-12,13.1813
9-Jun-12,13.1225
10-Jun-12,13.112
11-Jun-12,13.147
12-Jun-12,13.078
13-Jun-12,13.155
14-Jun-12,13.165
15-Jun-12,13.2
16-Jun-12,13.1885
17-Jun-12,13.3066
18-Jun-12,13.3508
19-Jun-12,13.1925
20-Jun-12,13.175
21-Jun-12,13.1246
22-Jun-12,13.0523
23-Jun-12,12.9745
24-Jun-12,13.0663
25-Jun-12,12.9979
26-Jun-12,13.0108
27-Jun-12,12.8114
28-Jun-12,12.7174
29-Jun-12,12.7715
30-Jun-12,12.7932
1-Jul-12,12.8556
2-Jul-12,12.867
3-Jul-12,12.8696
4-Jul-12,12.9119
5-Jul-12,12.857
6-Jul-12,12.8751
7-Jul-12,12.8264
8-Jul-12,12.866
9-Jul-12,12.8205
10-Jul-12,12.8531
11-Jul-12,12.8105
12-Jul-12,12.752
13-Jul-12,12.798
14-Jul-12,12.7997
15-Jul-12,12.8778
16-Jul-12,12.963
17-Jul-12,12.9146
18-Jul-12,12.8591
19-Jul-12,12.8071
20-Jul-12,12.8355
21-Jul-12,12.7884
22-Jul-12,12.8361
23-Jul-12,12.883
24-Jul-12,12.857
25-Jul-12,12.966
26-Jul-12,12.99
27-Jul-12,13.0295
28-Jul-12,12.9927
29-Jul-12,13.066
30-Jul-12,13.0664
31-Jul-12,13.0932
1-Aug-12,13.008
2-Aug-12,13.022
3-Aug-12,13.0382
4-Aug-12,12.9538
5-Aug-12,13.06
6-Aug-12,13.1675
7-Aug-12,13.1875
8-Aug-12,13.211
9-Aug-12,13.2417
10-Aug-12,13.2756
11-Aug-12,13.2065
12-Aug-12,13.126
13-Aug-12,13.0548
14-Aug-12,13.0038
15-Aug-12,13.054
16-Aug-12,12.946
17-Aug-12,13.0145
18-Aug-12,13.0305
19-Aug-12,12.97
20-Aug-12,12.9387
21-Aug-12,12.945
22-Aug-12,12.9895
23-Aug-12,12.9431
24-Aug-12,12.921
25-Aug-12,12.8702
26-Aug-12,12.848
27-Aug-12,12.8031
28-Aug-12,12.733
29-Aug-12,12.7348
30-Aug-12,12.7975
31-Aug-12,12.7375
1-Sep-12,12.7267
2-Sep-12,12.7158
3-Sep-12,12.7635
4-Sep-12,12.7589
5-Sep-12,12.9085
6-Sep-12,12.9736
7-Sep-12,13.0111
8-Sep-12,12.9785
9-Sep-12,13.0255
10-Sep-12,12.86
11-Sep-12,12.7437
12-Sep-12,12.8016
13-Sep-12,12.7375
14-Sep-12,12.7585
15-Sep-12,12.801
16-Sep-12,12.7195
17-Sep-12,12.6184
18-Sep-12,12.651
19-Sep-12,12.5885
20-Sep-12,12.6107
21-Sep-12,12.617
22-Sep-12,12.5845
23-Sep-12,12.6585
24-Sep-12,12.6272
25-Sep-12,12.692
26-Sep-12,12.6273
27-Sep-12,12.6905
28-Sep-12,12.7724
29-Sep-12,12.715
30-Sep-12,12.72
1-Oct-12,12.7025
2-Oct-12,12.6075
3-Oct-12,12.7123
4-Oct-12,12.6329
5-Oct-12,12.6763
6-Oct-12,12.723
7-Oct-12,12.7238
8-Oct-12,12.7285
9-Oct-12,12.6915
10-Oct-12,12.684
11-Oct-12,12.6902
12-Oct-12,12.6815
13-Oct-12,12.63
14-Oct-12,12.7176
15-Oct-12,12.7365
16-Oct-12,12.695
17-Oct-12,12.7972
18-Oct-12,12.844
19-Oct-12,12.7631
20-Oct-12,12.7798
21-Oct-12,12.7502
22-Oct-12,12.741
23-Oct-12,12.7064
24-Oct-12,12.7795
25-Oct-12,12.7537
26-Oct-12,12.6293
27-Oct-12,12.5315
28-Oct-12,12.4406
29-Oct-12,12.4263
30-Oct-12,12.4245
31-Oct-12,12.4363
1-Nov-12,12.406
2-Nov-12,12.437
3-Nov-12,12.349
4-Nov-12,12.4264
5-Nov-12,12.3483
6-Nov-12,12.3478
7-Nov-12,12.3523
8-Nov-12,12.329
9-Nov-12,12.3508
10-Nov-12,12.361
11-Nov-12,12.2735
12-Nov-12,12.3396
13-Nov-12,12.305
14-Nov-12,12.1725
15-Nov-12,12.188
16-Nov-12,12.1445
17-Nov-12,12.1057
18-Nov-12,12.043
19-Nov-12,12.0751
20-Nov-12,12.281
21-Nov-12,12.1411
22-Nov-12,12.2064
23-Nov-12,12.2715
24-Nov-12,12.2611
25-Nov-12,12.274
26-Nov-12,12.2446
27-Nov-12,12.17
28-Nov-12,12.1673
29-Nov-12,12.1426
30-Nov-12,12.2094
1-Dec-12,12.1354
2-Dec-12,12.195
3-Dec-12,12.1691
4-Dec-12,12.071
5-Dec-12,12.1055
6-Dec-12,12.027
7-Dec-12,11.9686
8-Dec-12,11.9952
9-Dec-12,12.082
10-Dec-12,12.1596
11-Dec-12,12.1921
12-Dec-12,12.199
13-Dec-12,12.2748
14-Dec-12,12.335
15-Dec-12,12.2954
16-Dec-12,12.3355
17-Dec-12,12.4196
18-Dec-12,12.404
19-Dec-12,12.5252
20-Dec-12,12.633
21-Dec-12,12.6468
22-Dec-12,12.7911
23-Dec-12,12.798
24-Dec-12,12.733
25-Dec-12,12.7126
26-Dec-12,12.854
27-Dec-12,12.8021
28-Dec-12,12.77
29-Dec-12,12.9111
30-Dec-12,12.8275
31-Dec-12,12.9154
1-Jan-13,12.62
2-Jan-13,12.7098
3-Jan-13,12.832
4-Jan-13,12.8889
5-Jan-13,13.2235
6-Jan-13,13.3644
7-Jan-13,13.296
8-Jan-13,13.293
9-Jan-13,13.209
10-Jan-13,13.153
11-Jan-13,13.0126
12-Jan-13,12.936
13-Jan-13,12.9587
14-Jan-13,13.0477
15-Jan-13,12.95
16-Jan-13,13.07
17-Jan-13,12.87
18-Jan-13,12.8933
19-Jan-13,12.8925
20-Jan-13,12.8
21-Jan-13,12.81
22-Jan-13,12.6648
23-Jan-13,12.6219
24-Jan-13,12.4624
25-Jan-13,12.4931
26-Jan-13,12.5337
27-Jan-13,12.4967
28-Jan-13,12.4915
29-Jan-13,12.613
30-Jan-13,12.601
31-Jan-13,12.65
1-Feb-13,12.7595
2-Feb-13,12.7608
3-Feb-13,12.7309
4-Feb-13,12.8255
5-Feb-13,12.6543
6-Feb-13,12.6424
7-Feb-13,12.617
8-Feb-13,12.7072
9-Feb-13,12.5998
10-Feb-13,12.6125
11-Feb-13,12.6745
12-Feb-13,12.722
13-Feb-13,12.7279
14-Feb-13,12.8105
15-Feb-13,12.9072
16-Feb-13,13.0781
17-Feb-13,12.9675
18-Feb-13,13.251
19-Feb-13,13.0847
20-Feb-13,12.955
21-Feb-13,13.1792
22-Feb-13,13.227
23-Feb-13,13.3112
24-Feb-13,13.35
25-Feb-13,13.368
26-Feb-13,13.3875
27-Feb-13,13.3065
28-Feb-13,13.3825
1-Mar-13,13.163
2-Mar-13,13.0965
3-Mar-13,13.0812
4-Mar-13,13.0467
5-Mar-13,13.0557
6-Mar-13,13.0425
7-Mar-13,12.9237
8-Mar-13,12.916
9-Mar-13,12.6595
10-Mar-13,12.6999
11-Mar-13,12.8522
12-Mar-13,12.8085
13-Mar-13,12.9464
14-Mar-13,13.0083
15-Mar-13,13.0662
16-Mar-13,13.1295
17-Mar-13,13.086
18-Mar-13,13.1478
19-Mar-13,13.115
20-Mar-13,13.1525
21-Mar-13,13.07
22-Mar-13,13.1288
23-Mar-13,13.2225
24-Mar-13,13.1846
25-Mar-13,13.0895
26-Mar-13,12.9862
27-Mar-13,12.989
28-Mar-13,12.9995
29-Mar-13,12.8452
30-Mar-13,12.7787
31-Mar-13,12.8552
1-Apr-13,12.9879
2-Apr-13,12.8385
3-Apr-13,12.992
4-Apr-13,12.9623
5-Apr-13,12.8765
6-Apr-13,12.8738
7-Apr-13,12.9155
8-Apr-13,12.9286
9-Apr-13,13.0202
10-Apr-13,13.0567
11-Apr-13,12.996
12-Apr-13,13.155
13-Apr-13,13.178
14-Apr-13,13.2231
15-Apr-13,13.1614
16-Apr-13,13.2065
17-Apr-13,13.1743
18-Apr-13,13.013
19-Apr-13,12.9608
20-Apr-13,12.9248
21-Apr-13,12.891
22-Apr-13,12.9648
23-Apr-13,13.1021
24-Apr-13,13.0205
25-Apr-13,12.96
26-Apr-13,13.0446
27-Apr-13,13.0534
28-Apr-13,13.1215
29-Apr-13,13.1
30-Apr-13,13.2136
1-May-13,13.0988
2-May-13,13.037
3-May-13,13.09
4-May-13,12.931
5-May-13,12.8524
6-May-13,12.8632
7-May-13,13.035
8-May-13,12.9632
9-May-13,12.8712
10-May-13,12.923
11-May-13,12.949
12-May-13,12.8699
13-May-13,12.954
14-May-13,12.975
15-May-13,12.989
16-May-13,13.0238
17-May-13,13.077
18-May-13,13.051
19-May-13,13.06
20-May-13,13.033
21-May-13,13.15
22-May-13,13.0995
23-May-13,13.076
24-May-13,13.012
25-May-13,13.1317
26-May-13,13.085
27-May-13,12.959
28-May-13,13.0845
29-May-13,13.083
30-May-13,13.2012
31-May-13,13.278
1-Jun-13,13.24
2-Jun-13,13.2725
3-Jun-13,13.307
4-Jun-13,13.39
5-Jun-13,13.456
6-Jun-13,13.363
7-Jun-13,13.253
8-Jun-13,13.3995
9-Jun-13,13.3605
10-Jun-13,13.3525
11-Jun-13,13.5285
12-Jun-13,13.318
13-Jun-13,13.2865
14-Jun-13,13.274
15-Jun-13,13.2829
16-Jun-13,13.3264
17-Jun-13,13.2806
18-Jun-13,13.3212
19-Jun-13,13.26
20-Jun-13,13.239
21-Jun-13,13.225
22-Jun-13,13.3232
23-Jun-13,13.2762
24-Jun-13,13.2567
25-Jun-13,13.2602
26-Jun-13,13.218
27-Jun-13,13.3303
28-Jun-13,13.2542
29-Jun-13,13.2442
30-Jun-13,13.3302
1-Jul-13,13.2772
2-Jul-13,13.2405
3-Jul-13,13.149
4-Jul-13,13.188
5-Jul-13,13.214
6-Jul-13,13.2705
7-Jul-13,13.2408
8-Jul-13,13.2845
9-Jul-13,13.2058
10-Jul-13,13.1575
11-Jul-13,13.155
12-Jul-13,13.2835
13-Jul-13,13.257
14-Jul-13,13.2165
15-Jul-13,13.1695
16-Jul-13,13.1152
17-Jul-13,13.124
18-Jul-13,13.0772
19-Jul-13,13.0645
20-Jul-13,13.0517
21-Jul-13,13.048
22-Jul-13,13.087
23-Jul-13,13.1115
24-Jul-13,13.0098
25-Jul-13,13.0058
26-Jul-13,13.048
27-Jul-13,12.9737
28-Jul-13,13.0602
29-Jul-13,13.0285
30-Jul-13,13.019
31-Jul-13,13.1017
1-Aug-13,13.0602
2-Aug-13,13.0438
3-Aug-13,13.0268
4-Aug-13,13.0562
5-Aug-13,13.053
6-Aug-13,13.1022
7-Aug-13,13.122
8-Aug-13,13.1231
9-Aug-13,13.0989
10-Aug-13,13.0801
11-Aug-13,13.035
12-Aug-13,13.016
13-Aug-13,13.0502
14-Aug-13,13.026
15-Aug-13,12.9607
16-Aug-13,12.9465
17-Aug-13,12.9405
18-Aug-13,12.9507
19-Aug-13,12.9052
20-Aug-13,12.8992
21-Aug-13,12.957
22-Aug-13,12.9003
23-Aug-13,12.8962
24-Aug-13,12.9045
25-Aug-13,12.9252
26-Aug-13,12.879
27-Aug-13,12.8533
28-Aug-13,12.8513
29-Aug-13,12.8695
30-Aug-13,12.8373
31-Aug-13,12.8535
1-Sep-13,12.9137
2-Sep-13,12.9355
3-Sep-13,12.9182
4-Sep-13,12.8628
5-Sep-13,12.926
6-Sep-13,13.0301
7-Sep-13,13.0165
8-Sep-13,13.0085
9-Sep-13,12.9757
10-Sep-13,13.0068
11-Sep-13,13.0463
12-Sep-13,13.1147
13-Sep-13,12.9812
14-Sep-13,13.0215
15-Sep-13,12.989
16-Sep-13,13.026
17-Sep-13,13.0622
18-Sep-13,12.9999
19-Sep-13,13.0172
20-Sep-13,12.962
21-Sep-13,12.9714
22-Sep-13,12.9424
23-Sep-13,12.9985
24-Sep-13,12.9559
25-Sep-13,13.0201
26-Sep-13,12.9818
27-Sep-13,12.9695
28-Sep-13,12.9972
29-Sep-13,12.9927
30-Sep-13,12.9509
1-Oct-13,12.9427
2-Oct-13,12.9157
3-Oct-13,12.995
4-Oct-13,12.9512
5-Oct-13,12.9694
6-Oct-13,12.9413
7-Oct-13,12.9302
8-Oct-13,12.9611
9-Oct-13,12.944
10-Oct-13,13.003
11-Oct-13,13.0661
12-Oct-13,13.1485
13-Oct-13,13.2154
14-Oct-13,13.181
15-Oct-13,13.1948
16-Oct-13,13.289
17-Oct-13,13.2374
18-Oct-13,13.2772
19-Oct-13,13.2485
20-Oct-13,13.1819
21-Oct-13,13.135
22-Oct-13,13.1276
23-Oct-13,13.0695
24-Oct-13,13.0665
25-Oct-13,13.0475
26-Oct-13,13.0414
27-Oct-13,13.1347
28-Oct-13,13.1126
29-Oct-13,13.137
30-Oct-13,13.148
31-Oct-13,13.0952
1-Nov-13,13.084
2-Nov-13,13.0853
3-Nov-13,13.085
4-Nov-13,13.1082
5-Nov-13,13.097
6-Nov-13,13.1465
7-Nov-13,13.026
8-Nov-13,13.136
9-Nov-13,13.2015
10-Nov-13,13.1935
11-Nov-13,13.2298
12-Nov-13,13.2555
13-Nov-13,13.2335
14-Nov-13,13.1572
15-Nov-13,13.2437
16-Nov-13,13.2327
17-Nov-13,13.2098
18-Nov-13,13.277
19-Nov-13,13.3142
20-Nov-13,13.275
21-Nov-13,13.3838
22-Nov-13,13.4452
23-Nov-13,13.4961
24-Nov-13,13.4252
25-Nov-13,13.4517
26-Nov-13,13.3772
27-Nov-13,13.4802
28-Nov-13,13.3927
29-Nov-13,13.4775
30-Nov-13,13.3355
1-Dec-13,13.4327
2-Dec-13,13.472
3-Dec-13,13.445
4-Dec-13,13.4452
5-Dec-13,13.5273
6-Dec-13,13.5575
7-Dec-13,13.5207
8-Dec-13,13.5302
9-Dec-13,13.532
10-Dec-13,13.553
11-Dec-13,13.5595
12-Dec-13,13.5602
13-Dec-13,13.5452
14-Dec-13,13.443
15-Dec-13,13.494
16-Dec-13,13.443
17-Dec-13,13.4772
18-Dec-13,13.6012
19-Dec-13,13.5525
20-Dec-13,13.5675
21-Dec-13,13.6343
22-Dec-13,13.533
23-Dec-13,13.6065
24-Dec-13,13.5997
25-Dec-13,13.554
26-Dec-13,13.604
27-Dec-13,13.5315
28-Dec-13,13.5875
29-Dec-13,13.556
30-Dec-13,13.6165
31-Dec-13,13.6482
1-Jan-14,13.6165
2-Jan-14,13.6565
3-Jan-14,13.6707
4-Jan-14,13.72
5-Jan-14,13.9355
6-Jan-14,13.988
7-Jan-14,14.096
8-Jan-14,14.0965
9-Jan-14,14.1533
10-Jan-14,14.3525
11-Jan-14,14.379
12-Jan-14,14.417
13-Jan-14,14.553
14-Jan-14,14.778
15-Jan-14,14.7613
16-Jan-14,14.76
17-Jan-14,14.7425
18-Jan-14,14.555
19-Jan-14,14.56
20-Jan-14,14.6082
21-Jan-14,14.6607
22-Jan-14,14.752
23-Jan-14,14.7102
24-Jan-14,14.7052
25-Jan-14,14.769
26-Jan-14,14.731
27-Jan-14,14.741
28-Jan-14,14.8305
29-Jan-14,14.938
30-Jan-14,14.8907
31-Jan-14,14.709
1-Feb-14,14.667
2-Feb-14,14.598
3-Feb-14,14.647
4-Feb-14,14.608
5-Feb-14,14.482
6-Feb-14,14.659
7-Feb-14,14.5552
8-Feb-14,14.6604
9-Feb-14,14.7495
10-Feb-14,14.6252
11-Feb-14,14.6577
12-Feb-14,14.572
13-Feb-14,14.623
14-Feb-14,14.754
15-Feb-14,14.7971
16-Feb-14,14.984
17-Feb-14,14.86
18-Feb-14,14.6492
19-Feb-14,14.8815
20-Feb-14,14.7842
21-Feb-14,14.8602
22-Feb-14,14.8322
23-Feb-14,14.969
24-Feb-14,15.0695
25-Feb-14,14.9177
26-Feb-14,14.8837
27-Feb-14,14.9128
28-Feb-14,14.8603
1-Mar-14,14.9973
2-Mar-14,15.0205
3-Mar-14,15.0857
4-Mar-14,14.9085
5-Mar-14,14.925
6-Mar-14,14.9905
7-Mar-14,14.946
8-Mar-14,15.01
9-Mar-14,14.9898
10-Mar-14,15.0445
11-Mar-14,15.186
12-Mar-14,15.4873
13-Mar-14,15.4715
14-Mar-14,15.614
15-Mar-14,15.4978
16-Mar-14,15.3935
17-Mar-14,15.4797
18-Mar-14,15.4125
19-Mar-14,15.372
20-Mar-14,15.0925
21-Mar-14,15.275
22-Mar-14,15.0555
23-Mar-14,14.929
24-Mar-14,14.939
25-Mar-14,14.978
26-Mar-14,15.1348
27-Mar-14,15.2295
28-Mar-14,15.2585
29-Mar-14,15.2515
30-Mar-14,15.1472
31-Mar-14,14.9963
1-Apr-14,14.911
2-Apr-14,14.9238
3-Apr-14,14.9007
4-Apr-14,15.085
5-Apr-14,15.2218
6-Apr-14,15.377
7-Apr-14,15.2579
8-Apr-14,15.2679
9-Apr-14,15.1658
10-Apr-14,15.3225
11-Apr-14,15.4518
12-Apr-14,15.4302
13-Apr-14,15.4405
14-Apr-14,15.3487
15-Apr-14,15.3742
16-Apr-14,15.3464
17-Apr-14,15.2515
18-Apr-14,15.2198
19-Apr-14,15.341
20-Apr-14,15.5764
21-Apr-14,15.4475
22-Apr-14,15.3429
23-Apr-14,15.3582
24-Apr-14,15.3159
25-Apr-14,15.1168
26-Apr-14,15.359
27-Apr-14,15.336
28-Apr-14,15.2765
29-Apr-14,15.0935
30-Apr-14,15.0058
1-May-14,15.1169
2-May-14,15.1886
3-May-14,15.1917
4-May-14,15.2189
5-May-14,15.2624
6-May-14,15.2959
7-May-14,15.2832
8-May-14,15.3146
9-May-14,15.378
10-May-14,15.4853
11-May-14,15.4317
12-May-14,15.5184
13-May-14,15.5373
14-May-14,15.7115
15-May-14,15.6296
16-May-14,15.5806
17-May-14,15.4389
18-May-14,15.3492
19-May-14,15.4032
20-May-14,15.4364
21-May-14,15.3905
22-May-14,15.255
23-May-14,15.3425
24-May-14,15.3486
25-May-14,15.338
26-May-14,15.4002
27-May-14,15.4991
28-May-14,15.4808
29-May-14,15.5582
30-May-14,15.6873
31-May-14,15.7389
1-Jun-14,15.7784
2-Jun-14,15.66
3-Jun-14,15.7302
4-Jun-14,15.713
5-Jun-14,15.7971
6-Jun-14,15.8484
7-Jun-14,15.8153
8-Jun-14,15.7137
9-Jun-14,15.7003
10-Jun-14,15.6616
11-Jun-14,15.7822
12-Jun-14,15.8307
13-Jun-14,15.9266
14-Jun-14,16.012
15-Jun-14,16.0028
16-Jun-14,16.1026
17-Jun-14,16.2122
18-Jun-14,16.2669
19-Jun-14,16.2924
20-Jun-14,16.275
21-Jun-14,16.2905
22-Jun-14,16.2678
23-Jun-14,16.1088
24-Jun-14,16.175
25-Jun-14,16.299
26-Jun-14,16.3742
27-Jun-14,16.3249
28-Jun-14,16.1575
29-Jun-14,16.1589
30-Jun-14,16.3149
1-Jul-14,16.2785
2-Jul-14,16.4009
3-Jul-14,16.3747
4-Jul-14,16.4279
5-Jul-14,16.4023
6-Jul-14,16.6213
7-Jul-14,16.8032
8-Jul-14,16.9871
9-Jul-14,17.2011
10-Jul-14,17.2091
11-Jul-14,17.0129
12-Jul-14,16.8754
13-Jul-14,16.75
14-Jul-14,16.7503
15-Jul-14,16.9686
16-Jul-14,16.8262
17-Jul-14,16.7999
18-Jul-14,16.9398
19-Jul-14,16.9963
20-Jul-14,16.8232
21-Jul-14,16.826
22-Jul-14,16.7736
23-Jul-14,16.8387
24-Jul-14,16.7524
25-Jul-14,16.6882
26-Jul-14,16.5484
27-Jul-14,16.5996
28-Jul-14,16.6523
29-Jul-14,16.6624
30-Jul-14,16.885
31-Jul-14,17.1176
1-Aug-14,16.8694
2-Aug-14,16.972
3-Aug-14,17.0692
4-Aug-14,17.0243
5-Aug-14,16.9177
6-Aug-14,16.9229
7-Aug-14,16.7588
8-Aug-14,16.794
9-Aug-14,16.6554
10-Aug-14,16.6531
11-Aug-14,16.4585
12-Aug-14,16.432
13-Aug-14,16.4599
14-Aug-14,16.657
15-Aug-14,16.4736
16-Aug-14,16.3895
17-Aug-14,16.426
18-Aug-14,16.4886
19-Aug-14,16.5611
20-Aug-14,16.6557
21-Aug-14,16.4765
22-Aug-14,16.5919
23-Aug-14,16.5298
24-Aug-14,16.5452
25-Aug-14,16.6388
26-Aug-14,16.6301
27-Aug-14,16.5021
28-Aug-14,16.4417
29-Aug-14,16.3983
30-Aug-14,16.5361
31-Aug-14,16.6049
1-Sep-14,16.8075
2-Sep-14,16.7734
3-Sep-14,16.7536
4-Sep-14,16.7307
5-Sep-14,16.7378
6-Sep-14,16.6833
7-Sep-14,16.7705
8-Sep-14,16.7253
9-Sep-14,16.7356
10-Sep-14,16.621
11-Sep-14,16.5384
12-Sep-14,16.5471
13-Sep-14,16.5338
14-Sep-14,16.5029
15-Sep-14,16.561
16-Sep-14,16.6268
17-Sep-14,16.5768
18-Sep-14,16.5215
19-Sep-14,16.5645
20-Sep-14,16.7111
21-Sep-14,16.6552
22-Sep-14,16.8876
23-Sep-14,17.0217
24-Sep-14,17.0652
25-Sep-14,17.1924
26-Sep-14,17.3925
27-Sep-14,17.3145
28-Sep-14,17.1121
29-Sep-14,16.9832
30-Sep-14,17.0483
1-Oct-14,17.1383
2-Oct-14,17.1614
3-Oct-14,17.1913
4-Oct-14,17.2225
5-Oct-14,17.2468
6-Oct-14,17.2394
7-Oct-14,17.2421
8-Oct-14,17.2532
9-Oct-14,17.3822
10-Oct-14,17.2075
11-Oct-14,17.2626
12-Oct-14,17.3092
13-Oct-14,17.3371
14-Oct-14,17.5383
15-Oct-14,17.8464
16-Oct-14,17.9354
17-Oct-14,17.884
18-Oct-14,17.8956
19-Oct-14,17.948
20-Oct-14,17.878
21-Oct-14,18.2648
22-Oct-14,18.2102
23-Oct-14,18.2777
24-Oct-14,18.5276
25-Oct-14,18.7293
26-Oct-14,18.4422
27-Oct-14,18.6035
28-Oct-14,18.4618
29-Oct-14,18.4727
30-Oct-14,18.3264
31-Oct-14,18.1065
1-Nov-14,18.2328
2-Nov-14,18.4781
3-Nov-14,18.17
4-Nov-14,18.2806
5-Nov-14,18.4396
6-Nov-14,18.6714
7-Nov-14,18.8015
8-Nov-14,18.9387
9-Nov-14,19.1476
10-Nov-14,18.9083
11-Nov-14,18.8317
12-Nov-14,18.8835
13-Nov-14,18.3653
14-Nov-14,18.2961
15-Nov-14,18.2208
16-Nov-14,18.0792
17-Nov-14,18.2084
18-Nov-14,18.2134
19-Nov-14,18.127
20-Nov-14,18.2747
21-Nov-14,18.136
22-Nov-14,17.9116
23-Nov-14,17.8255
24-Nov-14,17.9233
25-Nov-14,17.7746
26-Nov-14,17.7498
27-Nov-14,17.9278
28-Nov-14,17.7628
29-Nov-14,17.8063
30-Nov-14,17.6987
1-Dec-14,17.7456
2-Dec-14,17.8893
3-Dec-14,17.6005
4-Dec-14,17.3192
5-Dec-14,17.3934
6-Dec-14,17.4116
7-Dec-14,17.3334
8-Dec-14,17.5894
9-Dec-14,17.6102
10-Dec-14,17.5386
11-Dec-14,17.4341
12-Dec-14,17.3447
13-Dec-14,17.2319
14-Dec-14,17.279
15-Dec-14,17.3391
16-Dec-14,17.487
17-Dec-14,17.6946
18-Dec-14,17.6539
19-Dec-14,17.8761
20-Dec-14,17.7763
21-Dec-14,17.6483
22-Dec-14,17.4813
23-Dec-14,17.4298
24-Dec-14,17.4453
25-Dec-14,17.5529
26-Dec-14,17.4355
27-Dec-14,17.31
28-Dec-14,17.2782
29-Dec-14,17.4701
30-Dec-14,17.4747
31-Dec-14,17.5632
1-Jan-15,17.3709
2-Jan-15,17.3149
3-Jan-15,17.271
4-Jan-15,17.177
5-Jan-15,17.2056
6-Jan-15,17.6115
7-Jan-15,17.7996
8-Jan-15,17.8928
9-Jan-15,17.868
10-Jan-15,18.2024
11-Jan-15,17.9894
12-Jan-15,17.9924
13-Jan-15,17.9703
14-Jan-15,18.1705
15-Jan-15,18.306
16-Jan-15,18.2728
17-Jan-15,18.4498
18-Jan-15,18.4243
19-Jan-15,18.3465
20-Jan-15,18.5161
21-Jan-15,18.487
22-Jan-15,18.4852
23-Jan-15,18.4544
24-Jan-15,18.4751
25-Jan-15,18.4855
26-Jan-15,18.4672
27-Jan-15,18.5217
28-Jan-15,18.6774
29-Jan-15,18.5919
30-Jan-15,18.6688
31-Jan-15,18.3561
1-Feb-15,18.1175
2-Feb-15,18.2481
3-Feb-15,18.6328
4-Feb-15,18.8394
5-Feb-15,18.9352
6-Feb-15,18.9127
7-Feb-15,18.945
8-Feb-15,18.8375
9-Feb-15,18.6575
10-Feb-15,18.6241
11-Feb-15,18.4942
12-Feb-15,18.2273
13-Feb-15,18.9278
14-Feb-15,19.181
15-Feb-15,18.8366
16-Feb-15,18.4839
17-Feb-15,18.2804
18-Feb-15,18.3605
19-Feb-15,18.4206
20-Feb-15,18.8182
21-Feb-15,18.7379
22-Feb-15,18.8288
23-Feb-15,18.505
24-Feb-15,18.4678
25-Feb-15,18.3417
26-Feb-15,18.3662
27-Feb-15,18.3534
28-Feb-15,18.6048
1-Mar-15,18.3861
2-Mar-15,18.5003
3-Mar-15,18.6797
4-Mar-15,18.577
5-Mar-15,18.5463
6-Mar-15,18.7761
7-Mar-15,18.7746
8-Mar-15,18.8259
9-Mar-15,18.8928
10-Mar-15,18.7527
11-Mar-15,18.8647
12-Mar-15,18.9346
13-Mar-15,18.8876
14-Mar-15,18.9077
15-Mar-15,18.7542
16-Mar-15,18.5533
17-Mar-15,18.4369
18-Mar-15,18.4152
19-Mar-15,18.2294
20-Mar-15,18.2602
21-Mar-15,18.0776
22-Mar-15,18.0614
23-Mar-15,18.1395
24-Mar-15,18.1891
25-Mar-15,18.22
26-Mar-15,18.2948
27-Mar-15,18.5693
28-Mar-15,18.4556
29-Mar-15,18.3663
30-Mar-15,18.5925
31-Mar-15,18.6252
1-Apr-15,18.8181
2-Apr-15,18.7836
3-Apr-15,18.7481
4-Apr-15,18.5783
5-Apr-15,18.565
6-Apr-15,18.2762
7-Apr-15,18.3797
8-Apr-15,18.6727
9-Apr-15,18.8986
10-Apr-15,18.813
11-Apr-15,19.086
12-Apr-15,19.2734
13-Apr-15,19.3453
14-Apr-15,19.6106
15-Apr-15,19.6902
16-Apr-15,19.8113
17-Apr-15,19.7409
18-Apr-15,19.6148
19-Apr-15,19.7893
20-Apr-15,19.8772
21-Apr-15,19.3904
22-Apr-15,19.3801
23-Apr-15,19.5213
24-Apr-15,19.3852
25-Apr-15,19.2859
26-Apr-15,19.326
27-Apr-15,19.2135
28-Apr-15,19.2355
29-Apr-15,19.3009
30-Apr-15,18.9281
1-May-15,18.9149
2-May-15,18.9206
3-May-15,18.925
4-May-15,19.0079
5-May-15,18.8731
6-May-15,18.6162
7-May-15,18.5225
8-May-15,18.6206
9-May-15,18.5946
10-May-15,18.553
11-May-15,18.5212
12-May-15,18.6846
13-May-15,18.8396
14-May-15,18.9844
15-May-15,18.8642
16-May-15,19.2007
17-May-15,19.3683
18-May-15,19.1749
19-May-15,19.0266
20-May-15,18.5944
21-May-15,18.3226
22-May-15,19.844
23-May-15,20.5754
24-May-15,20.8492
25-May-15,20.6906
26-May-15,20.2695
27-May-15,20.2085
28-May-15,20.4286
29-May-15,20.6435
30-May-15,20.4495
31-May-15,20.5949
1-Jun-15,20.6446
2-Jun-15,20.7441
3-Jun-15,20.6538
4-Jun-15,20.6303
5-Jun-15,20.6236
6-Jun-15,20.5743
7-Jun-15,20.7785
8-Jun-15,20.6281
9-Jun-15,20.5943
10-Jun-15,20.3939
11-Jun-15,20.3354
12-Jun-15,20.3172
13-Jun-15,20.3894
14-Jun-15,20.2144
15-Jun-15,20.279
16-Jun-15,20.4708
17-Jun-15,20.3326
18-Jun-15,20.4395
19-Jun-15,20.3865
20-Jun-15,20.4583
21-Jun-15,20.5579
22-Jun-15,20.7592
23-Jun-15,20.6095
24-Jun-15,20.6348
25-Jun-15,20.7593
26-Jun-15,20.7543
27-Jun-15,20.7281
28-Jun-15,20.7272
29-Jun-15,20.7334
30-Jun-15,21.1102
1-Jul-15,21.4459
2-Jul-15,21.4226
3-Jul-15,21.2217
4-Jul-15,21.3788
5-Jul-15,21.8067
6-Jul-15,21.8574
7-Jul-15,21.7798
8-Jul-15,21.4765
9-Jul-15,21.7363
10-Jul-15,21.5079
11-Jul-15,21.9544
12-Jul-15,21.9555
13-Jul-15,21.5877
14-Jul-15,21.3879
15-Jul-15,21.5273
16-Jul-15,21.0719
17-Jul-15,21.2139
18-Jul-15,20.8863
19-Jul-15,20.7839
20-Jul-15,20.8322
21-Jul-15,20.7074
22-Jul-15,20.5602
23-Jul-15,20.3631
24-Jul-15,20.5634
25-Jul-15,20.6208
26-Jul-15,20.4793
27-Jul-15,20.3504
28-Jul-15,20.3461
29-Jul-15,20.2823
30-Jul-15,20.2605
31-Jul-15,20.2748
1-Aug-15,20.3802
2-Aug-15,20.4292
3-Aug-15,20.3718
4-Aug-15,20.0138
5-Aug-15,19.9067
6-Aug-15,19.6669
7-Aug-15,19.9115
8-Aug-15,19.911
9-Aug-15,20.109
10-Aug-15,19.8104
11-Aug-15,19.999
12-Aug-15,19.51
13-Aug-15,19.6135
14-Aug-15,19.4946
15-Aug-15,19.6715
16-Aug-15,19.8377
17-Aug-15,19.6086
18-Aug-15,19.6177
19-Aug-15,19.667
20-Aug-15,19.2215
21-Aug-15,19.2654
22-Aug-15,19.0772
23-Aug-15,19.0013
24-Aug-15,19.0999
25-Aug-15,19.0263
26-Aug-15,18.9286
27-Aug-15,18.7579
28-Aug-15,18.8918
29-Aug-15,19.0296
30-Aug-15,18.7068
31-Aug-15,18.7145
1-Sep-15,18.7249
2-Sep-15,18.6721
3-Sep-15,18.8257
4-Sep-15,18.8302
5-Sep-15,18.7478
6-Sep-15,18.6662
7-Sep-15,18.682
8-Sep-15,18.7799
9-Sep-15,18.5512
10-Sep-15,18.581
11-Sep-15,18.521
12-Sep-15,18.4972
13-Sep-15,18.5914
14-Sep-15,18.8379
15-Sep-15,18.7901
16-Sep-15,18.8112
17-Sep-15,18.7304
18-Sep-15,18.863
19-Sep-15,19.191
20-Sep-15,19.027
21-Sep-15,18.8206
22-Sep-15,18.7408
23-Sep-15,18.7698
24-Sep-15,18.8638
25-Sep-15,19.0489
26-Sep-15,18.988
27-Sep-15,19.2076
28-Sep-15,19.1729
29-Sep-15,19.0157
30-Sep-15,18.8379
1-Oct-15,18.8206
2-Oct-15,18.7029
3-Oct-15,18.6406
4-Oct-15,18.7838
5-Oct-15,18.8375
6-Oct-15,18.7276
7-Oct-15,18.662
8-Oct-15,18.6339
9-Oct-15,18.4433
10-Oct-15,18.5034
11-Oct-15,18.5157
12-Oct-15,18.4744
13-Oct-15,18.6987
14-Oct-15,18.6199
15-Oct-15,18.6439
16-Oct-15,18.6812
17-Oct-15,18.3435
18-Oct-15,18.2372
19-Oct-15,18.2259
20-Oct-15,18.1984
21-Oct-15,18.1721
22-Oct-15,18.1349
23-Oct-15,18.0528
24-Oct-15,17.9196
25-Oct-15,18.0433
26-Oct-15,17.9129
27-Oct-15,17.9579
28-Oct-15,18.1921
29-Oct-15,18.2387
30-Oct-15,18.1154
31-Oct-15,18.0072
1-Nov-15,17.8694
2-Nov-15,17.9871
3-Nov-15,17.8515
4-Nov-15,18.0432
5-Nov-15,18.1203
6-Nov-15,18.2271
7-Nov-15,18.1985
8-Nov-15,18.3028
9-Nov-15,18.2577
10-Nov-15,18.0912
11-Nov-15,17.9515
12-Nov-15,17.9089
13-Nov-15,17.7758
14-Nov-15,17.6841
15-Nov-15,17.564
16-Nov-15,17.5875
17-Nov-15,17.4748
18-Nov-15,17.5553
19-Nov-15,17.4863
20-Nov-15,17.6542
21-Nov-15,17.7266
22-Nov-15,17.7713
23-Nov-15,17.5897
24-Nov-15,17.7251
25-Nov-15,17.7769
26-Nov-15,17.8005
27-Nov-15,17.8902
28-Nov-15,17.8219
29-Nov-15,17.8415
30-Nov-15,17.889
1-Dec-15,17.9275
2-Dec-15,17.8512
3-Dec-15,17.9473
4-Dec-15,17.9722
5-Dec-15,17.8321
6-Dec-15,17.7705
7-Dec-15,17.8072
8-Dec-15,17.6625
9-Dec-15,17.8493
10-Dec-15,17.7107
11-Dec-15,17.6553
12-Dec-15,17.6603
13-Dec-15,17.6861
14-Dec-15,17.7259
15-Dec-15,17.6151
16-Dec-15,17.8713
17-Dec-15,17.8413
18-Dec-15,17.7173
19-Dec-15,17.8863
20-Dec-15,17.8139
21-Dec-15,17.8723
22-Dec-15,17.9005
23-Dec-15,17.7879
24-Dec-15,17.6724
25-Dec-15,17.7114
26-Dec-15,17.6741
27-Dec-15,17.7278
28-Dec-15,17.748
29-Dec-15,17.6657
30-Dec-15,17.6607
31-Dec-15,17.76
1-Jan-16,17.7979
2-Jan-16,17.7688
3-Jan-16,17.8801
4-Jan-16,17.7454
5-Jan-16,17.9247
6-Jan-16,17.9552
7-Jan-16,18.204
8-Jan-16,18.1609
9-Jan-16,18.2545
10-Jan-16,18.2301
11-Jan-16,18.2111
12-Jan-16,18.2693
13-Jan-16,18.4962
14-Jan-16,18.5304
15-Jan-16,18.6721
16-Jan-16,18.8285
17-Jan-16,18.7089
18-Jan-16,18.9064
19-Jan-16,18.9112
20-Jan-16,19.0327
21-Jan-16,18.7896
22-Jan-16,18.8578
23-Jan-16,18.8045
24-Jan-16,18.9965
25-Jan-16,19.0812
26-Jan-16,19.2327
27-Jan-16,19.04
28-Jan-16,19.2043
29-Jan-16,19.133
30-Jan-16,19.2397
31-Jan-16,19.1466
1-Feb-16,19.0716
2-Feb-16,18.982
3-Feb-16,19.2032
4-Feb-16,19.019
5-Feb-16,19.1499
6-Feb-16,19.0858
7-Feb-16,19.0448
8-Feb-16,19.1017
9-Feb-16,19.1284
10-Feb-16,19.166
11-Feb-16,19.2509
12-Feb-16,19.0558
13-Feb-16,18.9173
14-Feb-16,18.9958
15-Feb-16,18.7736
16-Feb-16,18.6379
17-Feb-16,18.6241
18-Feb-16,18.5575
19-Feb-16,18.5819
20-Feb-16,18.5415
21-Feb-16,18.5648
22-Feb-16,18.6284
23-Feb-16,18.6333
24-Feb-16,18.615
25-Feb-16,18.7703
26-Feb-16,18.8687
27-Feb-16,18.9694
28-Feb-16,18.9292
29-Feb-16,19.0584
1-Mar-16,19.187
2-Mar-16,19.0092
3-Mar-16,19.1381
4-Mar-16,19.1175
5-Mar-16,19.0841
6-Mar-16,19.2123
7-Mar-16,19.2212
8-Mar-16,19.4644
9-Mar-16,19.7498
10-Mar-16,19.7481
11-Mar-16,19.8658
12-Mar-16,19.6893
13-Mar-16,19.7213
14-Mar-16,19.659
15-Mar-16,19.5401
16-Mar-16,19.3498
17-Mar-16,19.2893
18-Mar-16,19.1793
19-Mar-16,19.2256
20-Mar-16,19.2399
21-Mar-16,19.2948
22-Mar-16,19.2721
23-Mar-16,19.0371
24-Mar-16,18.8566
25-Mar-16,18.7682
26-Mar-16,18.7157
27-Mar-16,18.605
28-Mar-16,18.6353
29-Mar-16,18.6832
30-Mar-16,18.697
31-Mar-16,18.5003
1-Apr-16,18.6043
2-Apr-16,18.4901
3-Apr-16,18.6071
4-Apr-16,18.76
5-Apr-16,18.5999
6-Apr-16,18.3447
7-Apr-16,18.5949
8-Apr-16,18.7848
9-Apr-16,18.6077
10-Apr-16,18.7994
11-Apr-16,18.8949
12-Apr-16,18.7006
13-Apr-16,18.6077
14-Apr-16,18.66
15-Apr-16,18.5641
16-Apr-16,18.5015
17-Apr-16,18.5249
18-Apr-16,18.5333
19-Apr-16,18.7074
20-Apr-16,18.837
21-Apr-16,18.6051
22-Apr-16,18.526
23-Apr-16,18.526
24-Apr-16,18.5623
25-Apr-16,18.6672
26-Apr-16,18.8416
27-Apr-16,18.8384
28-Apr-16,18.8438
29-Apr-16,18.8375
30-Apr-16,18.793
1-May-16,18.8358
2-May-16,18.7846
3-May-16,18.8502
4-May-16,18.71
5-May-16,18.6368
6-May-16,18.601
7-May-16,18.599
8-May-16,18.6208
9-May-16,18.5886
10-May-16,18.6006
11-May-16,18.5798
12-May-16,18.6992
13-May-16,18.6804
14-May-16,18.6804
15-May-16,18.6905
16-May-16,18.7111
17-May-16,18.7497
18-May-16,18.4459
19-May-16,18.6768
20-May-16,18.509
21-May-16,18.509
22-May-16,18.5052
23-May-16,18.3299
24-May-16,18.3739
25-May-16,18.3231
26-May-16,18.1802
27-May-16,18.149
28-May-16,18.149
29-May-16,18.1964
30-May-16,18.2408
31-May-16,18.2231
1-Jun-16,18.1127
2-Jun-16,18.2344
3-Jun-16,18.276
4-Jun-16,18.276
5-Jun-16,18.3055
6-Jun-16,18.3457
7-Jun-16,18.2518
8-Jun-16,18.2057
9-Jun-16,18.184
10-Jun-16,18.034
11-Jun-16,18.035
12-Jun-16,18.0507
13-Jun-16,18.0051
14-Jun-16,18.0374
15-Jun-16,18.0699
16-Jun-16,18.4466
17-Jun-16,18.5105
18-Jun-16,18.519
19-Jun-16,18.5334
20-Jun-16,18.9415
21-Jun-16,18.8122
22-Jun-16,18.8603
23-Jun-16,18.7712
24-Jun-16,18.608
25-Jun-16,18.608
26-Jun-16,18.6501
27-Jun-16,18.7106
28-Jun-16,18.944
29-Jun-16,19.1005
30-Jun-16,19.052
1-Jul-16,19.247
2-Jul-16,19.247
3-Jul-16,19.2666
4-Jul-16,19.433
5-Jul-16,19.5606
6-Jul-16,19.5738
7-Jul-16,19.242
8-Jul-16,19.418
9-Jul-16,19.418
10-Jul-16,19.3492
11-Jul-16,19.5898
12-Jul-16,19.683
13-Jul-16,19.5767
14-Jul-16,19.7617
15-Jul-16,19.948
16-Jul-16,19.948
17-Jul-16,19.8907
18-Jul-16,19.8368
19-Jul-16,19.765
20-Jul-16,19.6377
21-Jul-16,19.5777
22-Jul-16,19.535
23-Jul-16,19.535
24-Jul-16,19.526
25-Jul-16,19.5886
26-Jul-16,19.8325
27-Jul-16,19.781
28-Jul-16,19.9145
29-Jul-16,19.932
30-Jul-16,19.932
31-Jul-16,19.9424
1-Aug-16,20.0627
2-Aug-16,20.4004
3-Aug-16,20.3065
4-Aug-16,20.4303
5-Aug-16,20.282
6-Aug-16,20.282
7-Aug-16,20.3395
8-Aug-16,20.5734
9-Aug-16,20.705
10-Aug-16,20.6656
11-Aug-16,20.8521
12-Aug-16,20.624
13-Aug-16,20.624
14-Aug-16,20.6841
15-Aug-16,20.5503
16-Aug-16,20.5256
17-Aug-16,20.3702
18-Aug-16,20.3238
19-Aug-16,20.002
20-Aug-16,20.002
21-Aug-16,20.0433
22-Aug-16,19.9037
23-Aug-16,19.9171
24-Aug-16,20.1551
25-Aug-16,19.7441
26-Aug-16,19.909
27-Aug-16,19.909
28-Aug-16,19.8027
29-Aug-16,19.9644
30-Aug-16,19.5096
31-Aug-16,19.435
1-Sep-16,19.2526
2-Sep-16,19.0553
3-Sep-16,19.015
4-Sep-16,19.0713
5-Sep-16,19.1808
6-Sep-16,19.0205
7-Sep-16,19.0701
8-Sep-16,18.9699
9-Sep-16,18.882
10-Sep-16,18.882
11-Sep-16,18.9014
12-Sep-16,18.8356
13-Sep-16,18.8885
14-Sep-16,18.9027
15-Sep-16,19.0346
16-Sep-16,19.018
17-Sep-16,19.018
18-Sep-16,19.018
19-Sep-16,18.915
20-Sep-16,18.8596
21-Sep-16,18.6632
22-Sep-16,18.634
23-Sep-16,18.618
24-Sep-16,18.618
25-Sep-16,18.6217
26-Sep-16,18.5339
27-Sep-16,18.6686
28-Sep-16,18.594
29-Sep-16,18.649
30-Sep-16,18.556
1-Oct-16,18.556
2-Oct-16,18.5705
3-Oct-16,18.5342
4-Oct-16,18.4592
5-Oct-16,18.4731
6-Oct-16,18.7358
7-Oct-16,18.9112
8-Oct-16,18.9112
9-Oct-16,19.0877
10-Oct-16,19.1462
11-Oct-16,18.8949
12-Oct-16,19.1882
13-Oct-16,19.0216
14-Oct-16,18.8935
15-Oct-16,18.8935
16-Oct-16,18.8932
17-Oct-16,19.0026
18-Oct-16,18.9474
19-Oct-16,18.7617
20-Oct-16,19.0186
21-Oct-16,18.9135
22-Oct-16,18.9135
23-Oct-16,18.7826
24-Oct-16,18.8039
25-Oct-16,19.0695
26-Oct-16,18.9413
27-Oct-16,19.1036
28-Oct-16,19.0845
29-Oct-16,19.0841
30-Oct-16,19.1119
31-Oct-16,19.1996
1-Nov-16,19.3831
2-Nov-16,19.3519
3-Nov-16,19.2363
4-Nov-16,19.3219
5-Nov-16,19.3227
6-Nov-16,19.3289
7-Nov-16,19.2807
8-Nov-16,19.2081
9-Nov-16,19.0421
10-Nov-16,18.8334
11-Nov-16,18.8913
12-Nov-16,18.8913
13-Nov-16,18.8579
14-Nov-16,18.804
15-Nov-16,18.7705
16-Nov-16,18.8331
17-Nov-16,18.8289
18-Nov-16,18.8289
19-Nov-16,18.9781
20-Nov-16,18.9894
21-Nov-16,18.8497
22-Nov-16,18.7991
23-Nov-16,18.7179
24-Nov-16,18.7179
25-Nov-16,18.7155
26-Nov-16,18.8007
27-Nov-16,19.0447
28-Nov-16,19.1261
29-Nov-16,18.8238
30-Nov-16,18.8238
1-Dec-16,18.9408
2-Dec-16,19.0103
3-Dec-16,19.1726
4-Dec-16,18.9766
5-Dec-16,18.856
6-Dec-16,18.856
7-Dec-16,18.8366
8-Dec-16,18.7552
9-Dec-16,18.8783
10-Dec-16,19.1535
11-Dec-16,19.2699
12-Dec-16,19.2699
13-Dec-16,19.4038
14-Dec-16,19.297
15-Dec-16,19.6034
16-Dec-16,19.4871
17-Dec-16,19.3614
18-Dec-16,19.3614
19-Dec-16,20.0358
20-Dec-16,20.0735
21-Dec-16,20.3306
22-Dec-16,20.1614
23-Dec-16,20.0131
24-Dec-16,20.0131
25-Dec-16,19.8821
26-Dec-16,19.7218
27-Dec-16,19.8731
28-Dec-16,20.1647
29-Dec-16,20.1394
30-Dec-16,20.1394
31-Dec-16,20.3672
1-Jan-17,20.4972
2-Jan-17,20.4048
3-Jan-17,20.2478
4-Jan-17,20.1622
5-Jan-17,20.143
6-Jan-17,20.3669
7-Jan-17,20.3763
8-Jan-17,20.2548
9-Jan-17,20.3105
10-Jan-17,20.4115
11-Jan-17,20.4115
12-Jan-17,20.6223
13-Jan-17,20.4818
14-Jan-17,20.2687
15-Jan-17,20.2385
16-Jan-17,20.3972
17-Jan-17,20.3972
18-Jan-17,20.3393
19-Jan-17,20.5198
20-Jan-17,20.5043
21-Jan-17,20.3443
22-Jan-17,20.2755
23-Jan-17,20.2755
24-Jan-17,20.306
25-Jan-17,20.193
26-Jan-17,20.0699
27-Jan-17,20.3051
28-Jan-17,20.2384
29-Jan-17,20.2384
30-Jan-17,20.0757
31-Jan-17,20.0765
1-Feb-17,20.1124
2-Feb-17,19.8859
3-Feb-17,19.9425
4-Feb-17,19.9425
5-Feb-17,19.8735
6-Feb-17,19.9122
7-Feb-17,19.9068
8-Feb-17,19.6894
9-Feb-17,19.6606
10-Feb-17,19.6545
11-Feb-17,19.648
12-Feb-17,19.6517
13-Feb-17,19.6206
14-Feb-17,19.6235
15-Feb-17,19.4216
16-Feb-17,19.422
17-Feb-17,19.351
18-Feb-17,19.3463
19-Feb-17,19.2215
20-Feb-17,19.1309
21-Feb-17,19.1397
22-Feb-17,19.1397
23-Feb-17,18.9847
24-Feb-17,19.012
25-Feb-17,18.8813
26-Feb-17,19.0101
27-Feb-17,19.0827
28-Feb-17,19.0827
1-Mar-17,19.1609
2-Mar-17,19.1683
3-Mar-17,19.0336
4-Mar-17,19.0149
5-Mar-17,18.9887
6-Mar-17,18.9887
7-Mar-17,19.0323
8-Mar-17,18.997
9-Mar-17,19.1224
10-Mar-17,19.1194
11-Mar-17,19.1008
12-Mar-17,19.1008
13-Mar-17,19.1054
14-Mar-17,19.0429
15-Mar-17,19.1188
16-Mar-17,19.0875
17-Mar-17,19.0787
18-Mar-17,19.0787
19-Mar-17,19.3158
20-Mar-17,19.2618
21-Mar-17,19.4287
22-Mar-17,19.2593
23-Mar-17,19.2428
24-Mar-17,19.2428
25-Mar-17,19.2549
26-Mar-17,19.1577
27-Mar-17,19.2262
28-Mar-17,19.2922
29-Mar-17,19.1453
30-Mar-17,19.1453
31-Mar-17,19.1316
1-Apr-17,19.1681
2-Apr-17,19.1689
3-Apr-17,19.2759
4-Apr-17,19.2672
5-Apr-17,19.2672
6-Apr-17,19.2948
7-Apr-17,19.2566
8-Apr-17,19.3657
9-Apr-17,19.554
10-Apr-17,19.4934
11-Apr-17,19.4934
12-Apr-17,19.3916
13-Apr-17,19.3441
14-Apr-17,19.2886
15-Apr-17,19.3149
16-Apr-17,19.2062
17-Apr-17,19.2062
18-Apr-17,19.0646
19-Apr-17,19.0174
20-Apr-17,18.8334
21-Apr-17,18.859
22-Apr-17,19.093
23-Apr-17,19.093
24-Apr-17,19.024
25-Apr-17,19.1081
26-Apr-17,19.3765
27-Apr-17,19.3455
28-Apr-17,19.4304
29-Apr-17,19.4301
30-Apr-17,19.1934
1-May-17,19.2317
2-May-17,19.2177
3-May-17,19.1527
4-May-17,19.0726
5-May-17,19.0726
6-May-17,18.9808
7-May-17,18.9329
8-May-17,18.826
9-May-17,18.8309
10-May-17,18.7566
11-May-17,18.7566
12-May-17,18.8793
13-May-17,18.8777
14-May-17,18.8105
15-May-17,18.8089
16-May-17,18.7704
17-May-17,18.7704
18-May-17,18.823
19-May-17,18.9291
20-May-17,19.0692
21-May-17,19.0259
22-May-17,18.9406
23-May-17,18.9406
24-May-17,19.011
25-May-17,18.9444
26-May-17,18.9955
27-May-17,19.1269
28-May-17,18.9191
29-May-17,18.9191
30-May-17,19.0213
31-May-17,19.035
1-Jun-17,19.0863
2-Jun-17,19.2386
3-Jun-17,19.1033
4-Jun-17,19.1033
5-Jun-17,19.2256
6-Jun-17,19.1528
7-Jun-17,19.0582
8-Jun-17,19.1143
9-Jun-17,19.1563
10-Jun-17,19.1563
11-Jun-17,19.0671
12-Jun-17,19.0198
13-Jun-17,18.9993
14-Jun-17,19.048
15-Jun-17,19.0417
16-Jun-17,19.0417
17-Jun-17,19.0483
18-Jun-17,19.1951
19-Jun-17,19.1414
20-Jun-17,19.1795
21-Jun-17,19.6155
22-Jun-17,19.6155
23-Jun-17,19.8015
24-Jun-17,19.5703
25-Jun-17,19.747
26-Jun-17,19.7511
27-Jun-17,19.6173
28-Jun-17,19.6173
29-Jun-17,19.2171
30-Jun-17,19.127
1-Jul-17,19.182
2-Jul-17,19.1901
3-Jul-17,19.154
4-Jul-17,19.154
5-Jul-17,19.1806
6-Jul-17,19.1279
7-Jul-17,19.0255
8-Jul-17,19.0088
9-Jul-17,19.1245
10-Jul-17,19.1245
11-Jul-17,19.1967
12-Jul-17,19.2293
13-Jul-17,19.151
14-Jul-17,19.1758
15-Jul-17,19.2297
16-Jul-17,19.2297
17-Jul-17,19.0569
18-Jul-17,19.0201
19-Jul-17,19.0108
20-Jul-17,19.0118
21-Jul-17,19.0118
22-Jul-17,18.9335
23-Jul-17,19.1616
24-Jul-17,19.1444
25-Jul-17,19.0656
26-Jul-17,18.9883
27-Jul-17,18.9883
28-Jul-17,18.9815
29-Jul-17,19.1033
30-Jul-17,19.0727
31-Jul-17,18.9777
1-Aug-17,19.0229
2-Aug-17,19.0229
3-Aug-17,19.0508
4-Aug-17,19.1855
5-Aug-17,19.0682
6-Aug-17,19.0278
7-Aug-17,19.0438
8-Aug-17,19.0438
9-Aug-17,19.0613
10-Aug-17,19.0713
11-Aug-17,19.1524
12-Aug-17,19.2406
13-Aug-17,19.3066
14-Aug-17,19.3066
15-Aug-17,19.7085
16-Aug-17,19.597
17-Aug-17,19.6422
18-Aug-17,19.4186
19-Aug-17,19.4104
20-Aug-17,19.4104
21-Aug-17,19.596
22-Aug-17,19.3763
23-Aug-17,19.6866
24-Aug-17,19.6009
25-Aug-17,19.6598
26-Aug-17,19.6598
27-Aug-17,19.8615
28-Aug-17,19.7607
29-Aug-17,19.6909
30-Aug-17,19.823
31-Aug-17,19.9222
1-Sep-17,19.9222
2-Sep-17,19.936
3-Sep-17,19.996
4-Sep-17,20.1662
5-Sep-17,20.1493
6-Sep-17,20.0675
7-Sep-17,20.0675
8-Sep-17,20.129
9-Sep-17,19.9855
10-Sep-17,19.7182
11-Sep-17,19.7325
12-Sep-17,19.5371
13-Sep-17,19.5371
14-Sep-17,19.5753
15-Sep-17,19.5022
16-Sep-17,19.5385
17-Sep-17,19.4312
18-Sep-17,19.4072
19-Sep-17,19.408
20-Sep-17,19.4349
21-Sep-17,19.3629
22-Sep-17,19.4094
23-Sep-17,19.4451
24-Sep-17,19.4508
25-Sep-17,19.4508
26-Sep-17,19.4955
27-Sep-17,19.4641
28-Sep-17,19.5786
29-Sep-17,19.6671
30-Sep-17,19.6914
1-Oct-17,19.6914
2-Oct-17,19.7361
3-Oct-17,19.819
4-Oct-17,19.8013
5-Oct-17,19.6479
6-Oct-17,19.5153
7-Oct-17,19.5153
8-Oct-17,19.5749
9-Oct-17,19.6265
10-Oct-17,19.6337
11-Oct-17,19.4495
12-Oct-17,19.3094
13-Oct-17,19.3094
14-Oct-17,19.2728
15-Oct-17,19.2336
16-Oct-17,19.2057
17-Oct-17,19.1929
18-Oct-17,19.104
19-Oct-17,19.104
20-Oct-17,19.132
21-Oct-17,19.1431
22-Oct-17,19.1201
23-Oct-17,19.1354
24-Oct-17,19.062
25-Oct-17,19.0617
26-Oct-17,19.1133
27-Oct-17,19.1331
28-Oct-17,19.0961
29-Oct-17,19.2359
30-Oct-17,19.1104
31-Oct-17,19.1104
1-Nov-17,19.1778
2-Nov-17,19.1878
3-Nov-17,19.1468
4-Nov-17,19.139
5-Nov-17,19.1054
6-Nov-17,19.1054
7-Nov-17,19.1128
8-Nov-17,19.3169
9-Nov-17,19.3575
10-Nov-17,19.3189
11-Nov-17,19.179
12-Nov-17,19.179
13-Nov-17,19.3109
14-Nov-17,19.3512
15-Nov-17,19.4678
16-Nov-17,19.3863
17-Nov-17,19.3763
18-Nov-17,19.3763
19-Nov-17,19.444
20-Nov-17,19.5169
21-Nov-17,19.5269
22-Nov-17,19.4956
23-Nov-17,19.5447
24-Nov-17,19.5447
25-Nov-17,19.5875
26-Nov-17,19.5588
27-Nov-17,19.4354
28-Nov-17,19.3635
29-Nov-17,19.2947
30-Nov-17,19.2947
1-Dec-17,19.2289
2-Dec-17,19.2481
3-Dec-17,19.1157
4-Dec-17,19.0379
5-Dec-17,19.0125
6-Dec-17,19.0125
7-Dec-17,18.9238
8-Dec-17,18.9242
9-Dec-17,18.9673
10-Dec-17,18.9326
11-Dec-17,18.9418
12-Dec-17,18.9418
13-Dec-17,18.9583
14-Dec-17,18.9806
15-Dec-17,18.975
16-Dec-17,18.9414
17-Dec-17,18.8464
18-Dec-17,18.8464
19-Dec-17,18.9397
20-Dec-17,18.9324
21-Dec-17,18.91
22-Dec-17,18.8565
23-Dec-17,18.9205
24-Dec-17,18.9205
25-Dec-17,18.845
26-Dec-17,18.8936
27-Dec-17,18.8179
28-Dec-17,18.8521
29-Dec-17,18.7948
30-Dec-17,18.7948
31-Dec-17,18.8051
1-Jan-18,18.7947
2-Jan-18,18.8065
3-Jan-18,18.7833
4-Jan-18,18.6592
5-Jan-18,18.6592
6-Jan-18,18.6645
7-Jan-18,18.7731
8-Jan-18,18.6875
9-Jan-18,18.7638
10-Jan-18,18.7873
11-Jan-18,18.7873
12-Jan-18,18.9112
13-Jan-18,18.7241
14-Jan-18,18.7015
15-Jan-18,18.7866
16-Jan-18,18.8436
17-Jan-18,18.8436
18-Jan-18,18.8209
19-Jan-18,18.6688
20-Jan-18,18.5946
21-Jan-18,18.659
22-Jan-18,18.7633
23-Jan-18,18.7633
24-Jan-18,18.7076
25-Jan-18,18.6691
26-Jan-18,18.628
27-Jan-18,18.5987
28-Jan-18,18.5417
29-Jan-18,18.5417
30-Jan-18,18.5579
31-Jan-18,18.5882
1-Feb-18,18.5693
2-Feb-18,18.84
3-Feb-18,18.9111
4-Feb-18,18.9111
5-Feb-18,19.0771
6-Feb-18,19.0862
7-Feb-18,19.2959
8-Feb-18,19.5074
9-Feb-18,19.6169
10-Feb-18,19.6169
11-Feb-18,19.4086
12-Feb-18,19.4582
13-Feb-18,19.5242
14-Feb-18,19.8576
15-Feb-18,20.1119
16-Feb-18,20.1159
17-Feb-18,20.9498
18-Feb-18,20.7902
19-Feb-18,21.3667
20-Feb-18,21.9676
21-Feb-18,21.917
22-Feb-18,21.917
23-Feb-18,22.6363
24-Feb-18,22.9681
25-Feb-18,23.7825
26-Feb-18,24.0831
27-Feb-18,24.4232
28-Feb-18,24.4232
1-Mar-18,25.4471
2-Mar-18,24.7575
3-Mar-18,24.0131
4-Mar-18,23.4001
5-Mar-18,23.391
6-Mar-18,23.391
7-Mar-18,23.8492
8-Mar-18,23.7871
9-Mar-18,24.249
10-Mar-18,24.2315
11-Mar-18,24.993
12-Mar-18,24.993
13-Mar-18,24.624
14-Mar-18,24.3656
15-Mar-18,23.9887
16-Mar-18,23.5857
17-Mar-18,23.3525
18-Mar-18,23.3525
19-Mar-18,23.6067
20-Mar-18,23.4016
21-Mar-18,24.2845
22-Mar-18,23.7574
23-Mar-18,23.7369
24-Mar-18,23.7369
25-Mar-18,23.9994
26-Mar-18,24.3965
27-Mar-18,24.4852
28-Mar-18,24.8064
29-Mar-18,24.9876
30-Mar-18,24.9876
31-Mar-18,24.7381
1-Apr-18,24.3165
2-Apr-18,23.751
3-Apr-18,24.2195
4-Apr-18,24.6026
5-Apr-18,24.6026
6-Apr-18,24.1054
7-Apr-18,23.9872
8-Apr-18,24.4891
9-Apr-18,24.0084
10-Apr-18,23.6724
11-Apr-18,23.6726
12-Apr-18,23.8958
13-Apr-18,24.3275
14-Apr-18,24.2202
15-Apr-18,23.8628
16-Apr-18,23.9558
17-Apr-18,23.9558
18-Apr-18,23.7553
19-Apr-18,23.6994
20-Apr-18,23.2063
21-Apr-18,22.8859
22-Apr-18,22.7304
23-Apr-18,22.7304
24-Apr-18,22.5593
25-Apr-18,22.2268
26-Apr-18,22.3386
27-Apr-18,22.2395
28-Apr-18,22.1672
29-Apr-18,22.1672
30-Apr-18,22.0578
1-May-18,21.7985
2-May-18,21.7204
3-May-18,21.8945
4-May-18,21.5923
5-May-18,21.5823
6-May-18,21.4972
7-May-18,21.9106
8-May-18,21.8859
9-May-18,22.8606
10-May-18,22.2577
11-May-18,22.2577
12-May-18,22.1973
13-May-18,22.3506
14-May-18,22.3092
15-May-18,22.7204
16-May-18,22.6414
17-May-18,22.6414
18-May-18,22.4502
19-May-18,22.4065
20-May-18,22.7844
21-May-18,22.6797
22-May-18,23.0567
23-May-18,23.0567
24-May-18,23.0547
25-May-18,23.0163
26-May-18,22.6703
27-May-18,22.4602
28-May-18,22.3861
29-May-18,22.3861
30-May-18,22.3386
31-May-18,22.8291
1-Jun-18,22.6923
2-Jun-18,22.631
3-Jun-18,22.4488
4-Jun-18,22.4488
5-Jun-18,22.7221
6-Jun-18,22.3875
7-Jun-18,22.3434
8-Jun-18,22.4167
9-Jun-18,22.5455
10-Jun-18,22.5455
11-Jun-18,22.5035
12-Jun-18,22.3198
13-Jun-18,22.3689
14-Jun-18,22.4796
15-Jun-18,22.2823
16-Jun-18,22.2823
17-Jun-18,21.9407
18-Jun-18,21.9426
19-Jun-18,21.9827
20-Jun-18,22.025
21-Jun-18,22.2723
22-Jun-18,22.2723
23-Jun-18,22.6512
24-Jun-18,22.6524
25-Jun-18,22.3577
26-Jun-18,22.3898
27-Jun-18,22.3854
28-Jun-18,22.3854
29-Jun-18,22.4835
30-Jun-18,22.4171
1-Jul-18,22.3636
2-Jul-18,22.1647
3-Jul-18,21.9668
4-Jul-18,21.9668
5-Jul-18,22.1607
6-Jul-18,22.1342
7-Jul-18,22.1334
8-Jul-18,22.0943
9-Jul-18,21.9764
10-Jul-18,21.9764
11-Jul-18,21.9972
12-Jul-18,21.9077
13-Jul-18,21.9429
14-Jul-18,22.1517
15-Jul-18,21.7536
16-Jul-18,21.7536
17-Jul-18,21.9209
18-Jul-18,21.7675
19-Jul-18,21.7385
20-Jul-18,21.693
21-Jul-18,21.5647
22-Jul-18,21.5647
23-Jul-18,21.6088
24-Jul-18,21.8371
25-Jul-18,21.3757
26-Jul-18,21.4325
27-Jul-18,21.2755
28-Jul-18,21.2755
29-Jul-18,21.0668
30-Jul-18,21.1417
31-Jul-18,20.9631
1-Aug-18,20.8761
2-Aug-18,21.1392
3-Aug-18,21.1392
4-Aug-18,21.3675
5-Aug-18,21.7353
6-Aug-18,22.3692
7-Aug-18,22.1689
8-Aug-18,22.3419
9-Aug-18,22.3419
10-Aug-18,22.4058
11-Aug-18,22.399
12-Aug-18,22.0842
13-Aug-18,21.8368
14-Aug-18,21.6304
15-Aug-18,21.6304
16-Aug-18,21.3655
17-Aug-18,21.7302
18-Aug-18,21.4482
19-Aug-18,21.3718
20-Aug-18,21.1329
21-Aug-18,21.1329
22-Aug-18,21.2056
23-Aug-18,21.3316
24-Aug-18,21.3339
25-Aug-18,21.2969
26-Aug-18,21.1332
27-Aug-18,21.1332
28-Aug-18,21.2048
29-Aug-18,21.1148
30-Aug-18,21.1125
31-Aug-18,20.9592
1-Sep-18,20.8628
2-Sep-18,20.8628
3-Sep-18,20.9531
4-Sep-18,21.0624
5-Sep-18,21.2499
6-Sep-18,21.3875
7-Sep-18,21.1864
8-Sep-18,21.1864
9-Sep-18,21.3787
10-Sep-18,21.1257
11-Sep-18,20.9385
12-Sep-18,20.6792
13-Sep-18,20.5823
14-Sep-18,20.5823
15-Sep-18,20.3288
16-Sep-18,20.3103
17-Sep-18,20.4763
18-Sep-18,20.6033
19-Sep-18,20.4097
20-Sep-18,20.4057
21-Sep-18,20.2651
22-Sep-18,20.2591
23-Sep-18,20.3386
24-Sep-18,20.205
25-Sep-18,20.1072
26-Sep-18,20.1072
27-Sep-18,20.1557
28-Sep-18,20.0292
29-Sep-18,19.9683
30-Sep-18,20.0176
1-Oct-18,20.0321
2-Oct-18,20.0376
3-Oct-18,20.1767
4-Oct-18,20.034
5-Oct-18,19.9768
6-Oct-18,19.9008
7-Oct-18,19.7731
8-Oct-18,19.7731
9-Oct-18,19.8934
10-Oct-18,19.7861
11-Oct-18,19.9003
12-Oct-18,20.0131
13-Oct-18,20.1341
14-Oct-18,20.1341
15-Oct-18,20.2423
16-Oct-18,19.9178
17-Oct-18,19.8592
18-Oct-18,19.8118
19-Oct-18,19.9378
20-Oct-18,19.9378
21-Oct-18,19.9727
22-Oct-18,20.1405
23-Oct-18,20.07
24-Oct-18,19.883
25-Oct-18,19.8821
26-Oct-18,19.8821
27-Oct-18,20.033
28-Oct-18,19.9236
29-Oct-18,19.9012
30-Oct-18,19.8848
31-Oct-18,19.8822
1-Nov-18,19.8822
2-Nov-18,19.9623
3-Nov-18,19.8798
4-Nov-18,19.6538
5-Nov-18,20.0204
6-Nov-18,20.0042
7-Nov-18,20.0042
8-Nov-18,20.0629
9-Nov-18,19.7932
10-Nov-18,19.8521
11-Nov-18,19.7116
12-Nov-18,19.8037
13-Nov-18,19.8037
14-Nov-18,19.6849
15-Nov-18,19.6546
16-Nov-18,19.6036
17-Nov-18,19.7245
18-Nov-18,19.9728
19-Nov-18,19.9728
20-Nov-18,20.1145
21-Nov-18,20.0002
22-Nov-18,20.2768
23-Nov-18,20.238
24-Nov-18,20.5876
25-Nov-18,20.5876
26-Nov-18,20.3704
27-Nov-18,20.1329
28-Nov-18,20.2074
29-Nov-18,20.409
30-Nov-18,20.0991
1-Dec-18,20.0991
2-Dec-18,20.1252
3-Dec-18,20.0993
4-Dec-18,20.0221
5-Dec-18,19.9725
6-Dec-18,19.9376
7-Dec-18,19.9372
8-Dec-18,19.9735
9-Dec-18,20.1864
10-Dec-18,20.2064
11-Dec-18,20.3008
12-Dec-18,20.4346
13-Dec-18,20.4346
14-Dec-18,20.7258
15-Dec-18,20.5109
16-Dec-18,20.3784
17-Dec-18,20.857
18-Dec-18,20.8629
19-Dec-18,20.8629
20-Dec-18,20.6491
21-Dec-18,20.6133
22-Dec-18,20.9357
23-Dec-18,21.1149
24-Dec-18,21.3152
25-Dec-18,21.3152
26-Dec-18,21.5138
27-Dec-18,21.204
28-Dec-18,20.8856
29-Dec-18,20.6107
30-Dec-18,20.7228
31-Dec-18,20.7228
1-Jan-19,20.6656
2-Jan-19,20.6055
3-Jan-19,20.3967
4-Jan-19,20.4878
5-Jan-19,20.5059
6-Jan-19,20.5059
7-Jan-19,20.5867
8-Jan-19,20.7948
9-Jan-19,20.9199
10-Jan-19,20.6902
11-Jan-19,20.5904
12-Jan-19,20.5904
13-Jan-19,20.6028
14-Jan-19,20.593
15-Jan-19,20.4307
16-Jan-19,20.2857
17-Jan-19,20.3147
18-Jan-19,20.3147
19-Jan-19,20.3115
20-Jan-19,20.1814
21-Jan-19,20.226
22-Jan-19,20.103
23-Jan-19,20.1601
24-Jan-19,20.1601
25-Jan-19,20.1491
26-Jan-19,20.0909
27-Jan-19,20.0833
28-Jan-19,19.9585
29-Jan-19,19.923
30-Jan-19,19.923
31-Jan-19,19.823
1-Feb-19,19.9697
2-Feb-19,19.9112
3-Feb-19,19.9337
4-Feb-19,19.8348
5-Feb-19,19.8454
6-Feb-19,19.8609
7-Feb-19,20.0432
8-Feb-19,19.897
9-Feb-19,20.0497
10-Feb-19,20.2429
11-Feb-19,20.2429
12-Feb-19,20.1806
13-Feb-19,20.2156
14-Feb-19,20.264
15-Feb-19,20.1053
16-Feb-19,19.9094
17-Feb-19,19.9094
18-Feb-19,19.9231
19-Feb-19,19.9692
20-Feb-19,20.156
21-Feb-19,19.9501
22-Feb-19,19.8619
23-Feb-19,19.8619
24-Feb-19,19.783
25-Feb-19,19.8402
26-Feb-19,19.9483
27-Feb-19,19.8805
28-Feb-19,19.9541
1-Mar-19,19.9541
2-Mar-19,19.8629
3-Mar-19,19.9115
4-Mar-19,19.8895
5-Mar-19,19.9526
6-Mar-19,19.923
7-Mar-19,19.923
8-Mar-19,19.9319
9-Mar-19,19.9739
10-Mar-19,19.9098
11-Mar-19,20.1507
12-Mar-19,19.9643
13-Mar-19,19.9643
14-Mar-19,19.827
15-Mar-19,19.7102
16-Mar-19,19.7359
17-Mar-19,19.7062
18-Mar-19,19.8718
19-Mar-19,19.8786
20-Mar-19,19.9526
21-Mar-19,20.0341
22-Mar-19,20.4009
23-Mar-19,20.4176
24-Mar-19,20.6686
25-Mar-19,20.6686
26-Mar-19,20.506
27-Mar-19,20.3564
28-Mar-19,20.1931
29-Mar-19,19.851
30-Mar-19,19.8156
31-Mar-19,19.8156
1-Apr-19,19.8267
2-Apr-19,19.842
3-Apr-19,19.9401
4-Apr-19,20.0011
5-Apr-19,19.7727
6-Apr-19,19.7727
7-Apr-19,19.8386
8-Apr-19,20.0207
9-Apr-19,19.9542
10-Apr-19,20.0038
11-Apr-19,19.8792
12-Apr-19,19.8792
13-Apr-19,19.8534
14-Apr-19,20.0552
15-Apr-19,19.9041
16-Apr-19,19.9363
17-Apr-19,19.8925
18-Apr-19,19.8925
19-Apr-19,20.0418
20-Apr-19,20.1506
21-Apr-19,20.1094
22-Apr-19,20.0575
23-Apr-19,20.0575
24-Apr-19,20.0482
25-Apr-19,19.9785
26-Apr-19,19.9326
27-Apr-19,19.8616
28-Apr-19,19.8817
29-Apr-19,19.8817
30-Apr-19,19.9007
1-May-19,19.879
2-May-19,19.9695
3-May-19,19.9319
4-May-19,20.0442
5-May-19,20.0442
6-May-19,20.0719
7-May-19,20.0932
8-May-19,19.9206
9-May-19,19.958
10-May-19,19.878
11-May-19,19.878
12-May-19,19.8929
13-May-19,20.0083
14-May-19,20.0337
15-May-19,20.1753
16-May-19,20.3652
17-May-19,20.3652
18-May-19,20.322
19-May-19,20.2002
20-May-19,20.2212
21-May-19,20.3498
22-May-19,20.197
23-May-19,20.197
24-May-19,20.1399
25-May-19,20.0722
26-May-19,20.0012
27-May-19,19.964
28-May-19,19.9237
29-May-19,19.9237
30-May-19,19.9023
31-May-19,19.9375
1-Jun-19,19.9425
2-Jun-19,19.939
3-Jun-19,19.8944
4-Jun-19,19.8944
5-Jun-19,19.8777
6-Jun-19,19.9217
7-Jun-19,19.8564
8-Jun-19,19.9468
9-Jun-19,20.0185
10-Jun-19,20.0185
11-Jun-19,20.1268
12-Jun-19,20.1407
13-Jun-19,20.0841
14-Jun-19,20.0516
15-Jun-19,20.0547
16-Jun-19,20.0547
17-Jun-19,20.1044
18-Jun-19,20.3415
19-Jun-19,20.5197
20-Jun-19,20.6175
21-Jun-19,20.4509
22-Jun-19,20.4509
23-Jun-19,20.4975
24-Jun-19,20.5726
25-Jun-19,20.5596
26-Jun-19,20.6587
27-Jun-19,20.7133
28-Jun-19,20.7111
29-Jun-19,20.8745
30-Jun-19,20.8002
1-Jul-19,20.5609
2-Jul-19,20.5514
3-Jul-19,20.3392
4-Jul-19,20.3396
5-Jul-19,20.4321
6-Jul-19,20.2383
7-Jul-19,20.2108
8-Jul-19,20.3018
9-Jul-19,20.1751
10-Jul-19,20.1751
11-Jul-19,20.1882
12-Jul-19,20.2018
13-Jul-19,20.3035
14-Jul-19,20.3649
15-Jul-19,20.5553
16-Jul-19,20.5553
17-Jul-19,20.8382
18-Jul-19,20.7973
19-Jul-19,20.5421
20-Jul-19,20.5455
21-Jul-19,20.3412
22-Jul-19,20.3412
23-Jul-19,20.3437
24-Jul-19,20.3235
25-Jul-19,20.6111
26-Jul-19,20.662
27-Jul-19,20.5205
28-Jul-19,20.5205
29-Jul-19,20.6232
30-Jul-19,20.7582
31-Jul-19,20.6438
1-Aug-19,20.7669
2-Aug-19,20.8454
3-Aug-19,20.8454
4-Aug-19,21.0051
5-Aug-19,21.2054
6-Aug-19,21.4229
7-Aug-19,21.5565
8-Aug-19,21.9111
9-Aug-19,21.9111
10-Aug-19,21.6551
11-Aug-19,21.4542
12-Aug-19,21.4742
13-Aug-19,21.2714
14-Aug-19,21.2695
15-Aug-19,21.2695
16-Aug-19,21.2384
17-Aug-19,21.0348
18-Aug-19,20.9368
19-Aug-19,20.9575
20-Aug-19,20.885
21-Aug-19,20.885
22-Aug-19,21.0199
23-Aug-19,21.2309
24-Aug-19,21.0094
25-Aug-19,20.8274
26-Aug-19,20.8403
27-Aug-19,20.8403
28-Aug-19,20.7643
29-Aug-19,20.8163
30-Aug-19,20.7252
31-Aug-19,20.645
1-Sep-19,20.6178
2-Sep-19,20.6178
3-Sep-19,20.6911
4-Sep-19,20.6658
5-Sep-19,20.5879
6-Sep-19,20.4764
7-Sep-19,20.4973
8-Sep-19,20.4973
9-Sep-19,20.5138
10-Sep-19,20.5155
11-Sep-19,20.5757
12-Sep-19,20.5054
13-Sep-19,20.3849
14-Sep-19,20.3914
15-Sep-19,20.3776
16-Sep-19,20.393
17-Sep-19,20.3675
18-Sep-19,20.344
19-Sep-19,20.305
20-Sep-19,20.305
21-Sep-19,20.2953
22-Sep-19,20.4017
23-Sep-19,20.4982
24-Sep-19,20.5422
25-Sep-19,20.4739
26-Sep-19,20.4741
27-Sep-19,20.5848
28-Sep-19,20.6202
29-Sep-19,20.7495
30-Sep-19,20.7672
1-Oct-19,20.8057
2-Oct-19,20.8057
3-Oct-19,20.6387
4-Oct-19,20.5492
5-Oct-19,20.5672
6-Oct-19,20.5548
7-Oct-19,20.6809
8-Oct-19,20.6809
9-Oct-19,20.5987
10-Oct-19,20.6042
11-Oct-19,20.4806
12-Oct-19,20.5674
13-Oct-19,20.5422
14-Oct-19,20.5422
15-Oct-19,20.4248
16-Oct-19,20.4048
17-Oct-19,20.2751
18-Oct-19,20.2963
19-Oct-19,20.2911
20-Oct-19,20.2911
21-Oct-19,20.3101
22-Oct-19,20.2962
23-Oct-19,20.2451
24-Oct-19,20.5508
25-Oct-19,20.3544
26-Oct-19,20.3544
27-Oct-19,20.4843
28-Oct-19,20.6468
29-Oct-19,20.6225
30-Oct-19,20.641
31-Oct-19,20.9479
1-Nov-19,20.9483
2-Nov-19,21.3247
3-Nov-19,21.3601
4-Nov-19,20.8914
5-Nov-19,20.9459
6-Nov-19,20.9218
7-Nov-19,20.9196
8-Nov-19,20.8932
9-Nov-19,20.8229
10-Nov-19,20.6563
11-Nov-19,20.5211
12-Nov-19,20.3625
13-Nov-19,20.3625
14-Nov-19,20.3736
15-Nov-19,20.2819
16-Nov-19,20.232
17-Nov-19,20.0869
18-Nov-19,20.0342
19-Nov-19,20.0342
20-Nov-19,20.1061
21-Nov-19,19.9699
22-Nov-19,19.878
23-Nov-19,19.8703
24-Nov-19,19.8595
25-Nov-19,19.8595
26-Nov-19,19.8128
27-Nov-19,19.9918
28-Nov-19,20.1422
29-Nov-19,20.1428
30-Nov-19,20.0371
1-Dec-19,20.0371
2-Dec-19,19.9404
3-Dec-19,19.8161
4-Dec-19,19.7633
5-Dec-19,19.9756
6-Dec-19,19.9404
7-Dec-19,19.9404
8-Dec-19,19.8195
9-Dec-19,20.0308
10-Dec-19,19.997
11-Dec-19,20.1708
12-Dec-19,20.247
13-Dec-19,20.247
14-Dec-19,20.2183
15-Dec-19,20.3854
16-Dec-19,20.3964
17-Dec-19,20.4637
18-Dec-19,20.3997
19-Dec-19,20.3997
20-Dec-19,20.473
21-Dec-19,20.2867
22-Dec-19,20.0673
23-Dec-19,20.2222
24-Dec-19,20.1425
25-Dec-19,20.1844
26-Dec-19,20.3908
27-Dec-19,20.3856
28-Dec-19,20.3218
29-Dec-19,20.2471
30-Dec-19,20.1063
31-Dec-19,20.1063
1-Jan-20,20.0279
2-Jan-20,19.9462
3-Jan-20,20.0367
4-Jan-20,19.9348
5-Jan-20,19.8579
6-Jan-20,19.8579
7-Jan-20,19.8991
8-Jan-20,19.8423
9-Jan-20,19.8265
10-Jan-20,19.7786
11-Jan-20,19.5812
12-Jan-20,19.5817
13-Jan-20,19.5475
14-Jan-20,19.6565
15-Jan-20,19.7053
16-Jan-20,19.5407
17-Jan-20,19.555
18-Jan-20,19.5606
19-Jan-20,19.5726
20-Jan-20,19.5809
21-Jan-20,19.5887
22-Jan-20,19.6773
23-Jan-20,19.9759
24-Jan-20,19.9759
25-Jan-20,20.476
26-Jan-20,20.5648
27-Jan-20,20.2725
28-Jan-20,20.435
29-Jan-20,20.3376
30-Jan-20,20.3376
31-Jan-20,20.2748
1-Feb-20,20.1389
2-Feb-20,20.056
3-Feb-20,20.0154
4-Feb-20,19.8659
5-Feb-20,19.8659
6-Feb-20,19.9224
7-Feb-20,20.1408
8-Feb-20,20.1386
9-Feb-20,20.119
10-Feb-20,20.2619
11-Feb-20,20.2619
12-Feb-20,20.2949
13-Feb-20,20.5256
14-Feb-20,20.6535
15-Feb-20,20.5178
16-Feb-20,20.4654
17-Feb-20,20.4654
18-Feb-20,20.7667
19-Feb-20,20.7938
20-Feb-20,20.7708
21-Feb-20,20.8161
22-Feb-20,20.5559
